,Country,City,Cluster Labels,Capital,Population,Winter,Summer,Year,Latitude,Longitude,Arts And Entertainment,Food,Nightlife,Outdoors And Recreation,Map_Color,Cluster_Color
0,Afghanistan,Kabul,3,1,3817241,0,0,0,34.5260131,69.17764759999999,2.619693123908079,4.191508998252927,1.3098465619540396,2.619693123908079,#A0A0A0,#dbb40c
1,Algeria,Algiers,3,1,2712944,0,0,0,36.775360600000006,3.0601882,2.948826072340601,18.798766211171333,2.948826072340601,11.42670103031983,#A0A0A0,#dbb40c
2,Algeria,Wahran,3,0,1165687,0,0,0,35.5428186,-0.3421804,2.573589651424439,6.862905737131837,1.7157264342829592,0.8578632171414796,#A0A0A0,#dbb40c
3,Andorra,Andorra La Vella,1,1,22205,1,0,2010,42.5069391,1.5212466999999998,540.4188245890565,7115.514523755911,2161.675298356226,4548.525106957893,#75bbfd,#15b01a
4,Angola,Luanda,3,1,2487444,0,0,0,-8.827269900000003,13.243951199999998,2.0100955036575696,22.51306964096478,7.236343813167251,15.27672582779753,#A0A0A0,#dbb40c
5,Argentina,Buenos Aires,3,1,13879707,0,1,2004,-34.6075682,-58.4370894,14.91385949285529,16.787097883262234,15.850478688058761,17.79576470886597,#ff878c,#dbb40c
6,Argentina,Córdoba,3,0,1525490,0,0,0,-31.4173391,-64.183319,27.532137214927662,68.17481596077326,55.064274429855324,68.17481596077326,#A0A0A0,#dbb40c
7,Argentina,Mendoza,3,0,1094209,0,0,0,-34.78719615,-68.43807123826872,4.569510943521759,15.536337207973979,8.225119698339165,10.052924075747868,#A0A0A0,#dbb40c
8,Argentina,Rosario,3,0,1444436,0,0,0,-32.9595004,-60.66154150000001,25.61553436773938,54.692627433821926,29.07709306608254,48.461821776804236,#A0A0A0,#dbb40c
9,Armenia,Yerevan,3,1,1076716,0,0,0,40.17761210000001,44.5125849,53.86750080801251,74.30000111450002,40.86500061297501,84.51625126774377,#A0A0A0,#dbb40c
10,Australia,Adelaide,0,0,1334167,0,0,0,-34.9281805,138.5999312,53.9662575974372,122.92314230527361,71.95501012991627,135.66517534911299,#A0A0A0,#7e1e9c
11,Australia,Brisbane,3,0,2413457,0,1,1992,-27.4689682,153.02349909999995,42.263027681868785,77.06787400811368,50.54989585478423,82.45433832050871,#ff878c,#dbb40c
12,Australia,Melbourne,3,0,4843781,0,2,1996,-37.814217600000006,144.9631608,34.27074840914567,50.99322203047578,49.960970572368986,48.72226882264082,#e50000,#dbb40c
13,Australia,Perth,0,0,2039041,0,0,0,-31.952712100000007,115.8604796,42.66711655135919,90.72892600001667,48.061809448657485,102.9895916756946,#A0A0A0,#7e1e9c
14,Australia,Sydney,3,0,5132355,0,2,2000,-33.8548157,151.2164539,33.12319588181254,46.5673165632541,47.73637053555337,48.51573985041954,#e50000,#dbb40c
15,Austria,Graz,2,0,286292,1,0,2026,47.0708678,15.4382786,146.7033657943638,440.1100973830914,272.4491079038185,338.814916239364,#75bbfd,#f97306
16,Austria,Innsbruck,4,0,132493,2,0,1976,47.26951525,11.397137204221066,120.7610968126618,898.1606575441722,679.2811695712227,860.4228147902154,#0504aa,#7f4e1e
17,Austria,Klagenfurt,5,0,100369,1,0,2006,46.6228162,14.3079604,209.2279488686746,876.7647381163506,388.5661907561099,518.0882543414799,#75bbfd,#b9a281
18,Austria,Salzburg,4,0,153377,1,0,2014,47.7981346,13.0464806,339.0338838287357,1088.8203576807475,502.0309433617818,788.9057681399427,#75bbfd,#7f4e1e
19,Austria,Vienna,0,1,1888776,0,1,1964,48.2083537,16.372504199999998,99.53536046624905,128.12530442995887,100.06480387298441,119.12476651545762,#ff878c,#7e1e9c
20,Azerbaijan,Baku,3,1,2254175,0,1,2020,40.3754434,49.8326748,38.15143012410305,92.71684762718068,40.36953652666718,96.26581787128329,#ff878c,#dbb40c
21,Bangladesh,Chittagong,3,0,2591681,0,0,0,22.3307998,91.8412863,6.17359929713572,5.401899384993755,1.54339982428393,3.472649604638842,#A0A0A0,#dbb40c
22,Bangladesh,Dhaka,3,1,8906035,0,0,0,23.7593572,90.3788136,1.908818009361068,8.982672985228556,2.0211014216764247,4.154486255668207,#A0A0A0,#dbb40c
23,Belarus,Minsk,0,1,1982444,0,0,0,53.902334,27.5618791,78.18631951268233,62.044627742322106,37.32766221895801,120.55826040987792,#A0A0A0,#7e1e9c
24,Belgium,Antwerp,2,0,718730,0,2,1920,51.2211097,4.3997081,285.22532800912717,343.6617366744118,343.6617366744118,296.35607251680045,#e50000,#f97306
25,Belgium,Brussels,0,1,1550299,0,1,1964,50.8436709,4.3674366933879565,151.58366224837917,159.9691414365874,160.61417829721879,149.00351480585357,#ff878c,#7e1e9c
26,Bolivia,Santa Cruz,3,0,1616063,0,0,0,-17.333333,-61.5,0.0,1.8563632729664623,0.0,0.0,#A0A0A0,#dbb40c
28,Brazil,Belo Horizonte,0,0,2513451,0,0,0,-19.9227318,-43.9450948,50.130279046617574,93.09908965800406,82.35688700515746,90.3140741554142,#A0A0A0,#7e1e9c
29,Brazil,Belém,0,0,1446042,0,0,0,-1.45056,-48.4682453,75.37817020529141,148.6817118728225,75.37817020529141,143.14936910546166,#A0A0A0,#7e1e9c
30,Brazil,Campinas,0,0,1173370,0,0,0,-22.90556,-47.06083,88.63359383655624,198.57334003766928,151.69980483564436,181.52841814602385,#A0A0A0,#7e1e9c
31,Brazil,Curitiba,0,0,1893997,0,0,0,-25.4295963,-49.2712724,74.97371959934468,120.38033851162382,88.7013020611965,120.90832245246428,#A0A0A0,#7e1e9c
32,Brazil,Fortaleza,3,0,2609716,0,0,0,-3.7304512,-38.5217989,48.28111564630021,91.19766288745595,37.55197883601127,97.32859820762106,#A0A0A0,#dbb40c
33,Brazil,Goiânia,0,0,1448639,0,0,0,-16.680882,-49.2532691,66.95940120347443,133.2284993017584,65.57879499309352,163.60183593013858,#A0A0A0,#7e1e9c
34,Brazil,Guarulhos,0,0,1337087,0,0,0,-23.4430602,-46.524459,159.30152637786472,163.78889331808625,174.25941617860317,142.8478475970524,#A0A0A0,#7e1e9c
35,Brazil,Maceió,0,0,1021709,0,0,0,-9.647684300000002,-35.73392639999999,54.810126953956555,193.79294887291783,62.64014509023606,179.11166486739376,#A0A0A0,#7e1e9c
36,Brazil,Manaus,3,0,2094391,0,0,0,-3.1316333,-59.9825041,53.47616562523426,74.00719349920813,27.215548577128146,91.67342678611587,#A0A0A0,#dbb40c
37,Brazil,Porto Alegre,0,0,1481019,0,0,0,-30.0324999,-51.23037670000001,83.72613720688257,157.9993234387945,101.28161758897083,162.05058814235335,#A0A0A0,#7e1e9c
38,Brazil,Recife,0,0,1625583,0,0,0,-8.064193099999999,-34.878151700000004,80.58647266857491,140.87253619163096,104.57786529509721,140.25737227813036,#A0A0A0,#7e1e9c
39,Brazil,Rio De Janeiro,3,0,6498837,0,2,2016,-22.9110137,-43.2093727,32.92896867547224,32.92896867547224,34.00608447326806,34.77545290026508,#e50000,#dbb40c
40,Brazil,Salvador,3,0,2938092,0,0,0,-12.9822499,-38.48127720000001,45.60782984331328,71.81531415626196,30.63212452162832,82.36637926926727,#A0A0A0,#dbb40c
41,Brazil,Sao Gonçalo,0,0,1044058,0,0,0,-22.8219014,-43.03092520000001,186.7712330157903,211.67406408456236,214.54746766942068,217.42087125427898,#A0A0A0,#7e1e9c
42,Brazil,Sao Luís,0,0,1082935,0,0,0,-2.5634605,-44.2448718,53.55815445987063,111.7333912007646,49.86448863505196,143.12955071172325,#A0A0A0,#7e1e9c
43,Brazil,Sao Paulo,3,0,12038175,0,0,0,-23.5506507,-46.6333824,17.85985001879438,18.275195368068665,19.188955136472096,16.447675831261797,#A0A0A0,#dbb40c
44,Bulgaria,Sofia,0,1,1238438,1,0,2014,42.6978634,23.3221789,122.73525198677689,183.29540921709443,102.54853291000438,200.25225324158336,#75bbfd,#7e1e9c
45,Burkina Faso,Ouagadougou,3,1,1475223,0,0,0,12.368148,-1.527085,3.389318089536294,4.067181707443552,6.778636179072588,3.389318089536294,#A0A0A0,#dbb40c
46,Cambodia,Bat Dambang,3,0,1126345,0,0,0,13.0998526,103.1966659,6.2147920930088025,11.541756744159205,3.5513097674336014,4.439137209292002,#A0A0A0,#dbb40c
47,Cambodia,Phnom Penh,3,1,1570791,0,0,0,11.568271,104.9224426,12.732438624871163,38.197315874613494,26.101499180985886,29.284608837203674,#A0A0A0,#dbb40c
48,Cameroon,Douala,3,0,2948464,0,0,0,4.0429407999999984,9.706203,1.6957982190048784,8.139831451223417,4.0699157256117084,7.122352519820489,#A0A0A0,#dbb40c
49,Cameroon,Yaounde,3,1,2873567,0,0,0,3.8689867,11.5213344,2.4359967942282186,7.655989924717258,3.479995420326027,6.959990840652054,#A0A0A0,#dbb40c
51,Canada,Calgary,0,0,1486050,2,0,2026,51.0534234,-114.0625892,49.796440227448606,87.4802328320043,45.08596615187914,115.74307728542108,#0504aa,#7e1e9c
52,Canada,Edmonton,0,0,1420916,0,0,0,53.535411,-113.507996,47.85645316120024,121.0486756430359,65.45073741164151,86.56387851217103,#A0A0A0,#7e1e9c
53,Canada,Montreal,3,0,4255541,1,2,1976,45.4972159,-73.61036419999998,32.428309350092036,54.51715774798081,40.6528805620719,33.368260345746876,#e50000,#dbb40c
54,Canada,Ottawa,0,1,1414399,0,0,0,45.421106,-75.690308,57.9751541113929,126.5555193407235,54.44008373874699,120.89940674449007,#A0A0A0,#7e1e9c
55,Canada,Toronto,3,0,6341935,0,1,2008,43.6534817,-79.38393470000003,24.598170747571523,38.00102019336369,37.843339611648496,35.478130885920464,#ff878c,#dbb40c
56,Canada,Vancouver,0,0,2650005,2,0,2010,49.2608724,-123.11395290000002,50.18858454984047,88.67907796400385,78.11306016403742,91.69794019256567,#0504aa,#7e1e9c
57,Chile,Santiago,3,1,5613962,0,0,0,-33.4377968,-70.65044509999998,26.362843211265055,41.14741068785289,21.553405598399134,44.17557511076847,#A0A0A0,#dbb40c
58,China,Beijing,3,1,18796000,2,2,2022,39.906217,116.3912757,6.863162374973398,7.075973611406682,5.958714620131943,7.395190466056608,#e50000,#dbb40c
60,Colombia,Barranquilla,3,0,1232462,0,0,0,10.9799669,-74.80130849999998,18.66183298146312,59.2310351150786,37.32366596292624,0.0,#A0A0A0,#dbb40c
61,Colombia,Bogotá D.C.,3,1,8181047,0,0,0,4.6155711,-74.06847044854091,16.501555363268295,23.102177508575615,12.101140599730083,25.30238489034472,#A0A0A0,#dbb40c
62,Colombia,Cali,3,0,2445405,0,0,0,3.4517923,-76.5324943,20.855441123249523,40.48409159219025,19.628650468940727,54.38771900768993,#A0A0A0,#dbb40c
63,Colombia,Cartagena,3,0,1036134,0,0,0,10.4195841,-75.52712240000002,31.849162367029745,80.10546898374149,43.43067595504057,104.23362229209735,#A0A0A0,#dbb40c
64,Colombia,Medellín,3,0,2529403,0,0,0,6.2443382000000005,-75.573553,29.651265535780578,59.302531071561155,33.60476760721799,70.76768707872964,#A0A0A0,#dbb40c
65,Cuba,Havana,3,1,2130517,0,1,2012,23.135305,-82.3589631,7.979283901513107,18.774785650619076,14.081089237964306,18.774785650619076,#ff878c,#dbb40c
66,Czech Republic,Prague,0,1,1294513,0,1,2016,50.0874654,14.4212535,190.80534533063786,186.1703976707843,184.62541511749978,196.21278426713366,#ff878c,#7e1e9c
67,Côte d'Ivoire,Abidjan,3,0,4395243,0,0,0,5.320357,-4.016107,1.5926309421344849,9.55578565280691,3.6402992963073943,3.867818002326606,#A0A0A0,#dbb40c
68,Dominican Republic,Santo Domingo,0,1,1029607,0,0,0,18.4801972,-69.942111,61.18839518379343,193.2776292313475,95.18194806367866,157.34158761546882,#A0A0A0,#7e1e9c
69,Dominican Republic,Santo Domingo East,0,0,1121121,0,0,0,18.4801972,-69.942111,56.19375607093257,177.50091203358068,87.4125094436729,144.49822989668377,#A0A0A0,#7e1e9c
70,Ecuador,Guayaquil,3,0,2581884,0,0,0,-2.1899066,-79.887726,17.429133144633916,40.667977337479144,18.978389424156934,46.09037431580969,#A0A0A0,#dbb40c
71,Ecuador,Quito,3,1,1805522,0,0,0,-0.2201641,-78.5123274,31.569817482146437,63.69349141134807,21.600401435152826,76.9860461406729,#A0A0A0,#dbb40c
72,Egypt,Alexandria,3,0,5163750,0,1,1936,31.199004,29.894378000000003,3.292181069958848,14.330670539820867,6.003389009924958,16.848220769789396,#ff878c,#dbb40c
73,Egypt,Cairo,3,1,9539673,0,1,2008,30.048819,31.243666,12.159745936784205,21.908507765412924,13.10317450084505,23.79536489353461,#ff878c,#dbb40c
74,Ethiopia,Addis Ababa,3,1,4215965,0,0,0,9.0107934,38.76125250000001,1.8975489597280812,9.250551178674396,2.1347425796940915,2.8463234395921218,#A0A0A0,#dbb40c
75,Finland,Helsinki,2,1,639227,1,2,2006,60.1674098,24.9425769,314.44228732515995,355.1164140438373,256.5598762255036,427.07833054611274,#e50000,#f97306
76,Finland,Lahti,5,0,119513,1,0,1972,60.9838761,25.6561814,209.18226469087045,652.6486658355158,225.9168458661401,644.281375247881,#75bbfd,#b9a281
77,Finland,Tampere,5,0,230064,1,0,1976,61.498021400000006,23.7603118,308.60977814868903,530.287224424508,330.3428611169066,847.590235760484,#75bbfd,#b9a281
81,France,Grenoble,0,0,512591,2,0,1968,45.1875602,5.7357819,60.47706651111705,154.11897594768539,103.39627500287753,156.06984906094723,#0504aa,#7e1e9c
82,France,Lille,0,0,1039397,0,1,2004,50.6365654,3.0635282000000004,155.85959936386192,234.7514953381624,235.71359163053194,185.684584427317,#ff878c,#7e1e9c
83,France,Lyon,3,0,1639558,0,1,1968,45.75781370000001,4.8320114,46.96387684973633,42.6944334997603,31.105944406968216,84.77894652095259,#ff878c,#dbb40c
84,France,Marseille,0,0,1585498,0,0,0,43.2961743,5.3699525,42.25801609336625,97.76108200704132,57.395215888004905,97.76108200704132,#A0A0A0,#7e1e9c
85,France,Paris,3,1,10706072,0,2,2024,48.8566969,2.3514616000000004,23.071019884790612,22.043565557937587,18.027153189330317,23.724854456424357,#e50000,#dbb40c
87,Georgia,Tbilisi,0,1,1113800,0,0,0,41.6934591,44.8014495,75.41748967498653,42.19788112767104,79.00879870712875,123.90016160890643,#A0A0A0,#7e1e9c
89,Germany,Berlin,3,1,3613495,0,2,2000,52.5170365,13.388859900000002,63.927029095100444,66.14095218064506,60.05266369539739,72.22924066589272,#e50000,#dbb40c
90,Germany,Frankfurt,2,0,746878,0,1,1936,50.1106444,8.682091699999999,164.68553097025216,310.6263673585244,222.25852147204765,258.4090038801518,#ff878c,#f97306
92,Germany,Hamburg,0,0,1830584,0,1,2024,53.5437641,10.0099133,78.66342107218243,121.2727741529479,69.37676719560534,124.55041669762217,#ff878c,#7e1e9c
93,Germany,Köln,0,0,1080394,0,1,1936,50.938361,6.959974000000001,113.84735568690682,219.36441705525945,177.71294546248868,167.53147462870027,#ff878c,#7e1e9c
94,Germany,Leipzig,0,0,581980,0,1,2012,51.3406321,12.3747329,130.5886800233685,142.61658476236298,87.63187738410255,192.44647582391147,#ff878c,#7e1e9c
95,Germany,Munich,0,0,1456039,1,2,2018,48.1371079,11.575382199999998,124.99665187539618,168.9515184689421,162.77036535422474,158.64959661107977,#e50000,#7e1e9c
96,Germany,Nuremberg,2,0,515201,0,1,1936,49.453872,11.077298,130.04633143181013,368.788104060357,207.6859322866221,283.3845431200638,#ff878c,#f97306
97,Ghana,Accra,3,1,1594419,0,0,0,5.560014099999999,-0.2057437,20.69719440122076,35.122511711162495,25.087508365116072,43.90313963895312,#A0A0A0,#dbb40c
98,Ghana,Kumasi,3,0,1730249,0,0,0,6.698081,-1.6230403999999998,5.2015634743901025,16.182641920324762,6.93541796585347,6.357466468699013,#A0A0A0,#dbb40c
99,Greece,Athens,2,1,664046,0,2,2004,37.9839412,23.7283052,362.92666471901043,367.4444240308654,365.938504260247,409.61017760817776,#e50000,#f97306
100,Guinea,Conakry,3,1,1879695,0,0,0,9.5170602,-13.6998434,1.0640024046454346,3.192007213936303,4.788010820904455,5.320012023227172,#A0A0A0,#dbb40c
101,Honduras,Tegucigalpa,3,1,1157509,0,0,0,14.0773859,-87.195419,17.278483363844252,75.16140263272251,44.92405674599506,57.882919268878254,#A0A0A0,#dbb40c
102,Hong Kong,Hong Kong,3,1,7451000,0,0,0,22.2793278,114.1628131,18.252583545832774,32.7472822439941,19.594685277144006,28.989397396322644,#A0A0A0,#dbb40c
103,Hungary,Budapest,0,1,2595024,0,1,2024,47.48138955,19.14607278448202,82.85087151409775,92.48469378317888,89.01651776630968,105.58669206912921,#ff878c,#7e1e9c
104,India,Agra,3,0,1585704,0,0,0,27.1752554,78.0098161,3.1531736061711393,17.65777219455838,3.1531736061711393,3.1531736061711393,#A0A0A0,#dbb40c
105,India,Ahmadabad,3,0,5633927,0,0,0,23.0216238,72.5797068,6.922347414157124,11.537245690261871,1.0649765252549421,6.212363063987162,#A0A0A0,#dbb40c
106,India,Allahabad,3,0,1168385,0,0,0,25.4381302,81.8338005,17.117645296712986,6.847058118685194,4.2794113241782465,3.423529059342597,#A0A0A0,#dbb40c
107,India,Amritsar,3,0,1159227,0,0,0,31.6343083,74.8736788,4.3132190675337965,19.84080771065546,6.038506694547315,5.175862881040556,#A0A0A0,#dbb40c
108,India,Aurangabad,3,0,1175116,0,0,0,19.877263,75.33902409999997,4.254899090813162,9.360777999788956,4.254899090813162,3.40391927265053,#A0A0A0,#dbb40c
109,India,Bengaluru,3,0,8495492,0,0,0,12.9791198,77.5912997,10.593853775625943,22.600221388002012,9.53446839806335,17.774132445772416,#A0A0A0,#dbb40c
110,India,Bhopal,3,0,1798218,0,0,0,23.2530923,77.3962718,2.224424402380579,13.346546414283473,3.892742704166013,5.0049549053563025,#A0A0A0,#dbb40c
111,India,Chennai,3,0,4646732,0,0,0,13.0801721,80.2838331,18.938040756385348,23.887755954076972,10.97545543835969,17.216400687623043,#A0A0A0,#dbb40c
112,India,Coimbatore,3,0,1050721,0,0,0,11.0018115,76.96284250000002,17.131093791786782,43.779461912344004,4.758637164385218,11.42072919452452,#A0A0A0,#dbb40c
113,India,Delhi,3,0,11034555,0,0,0,28.6517178,77.22193879999998,9.243689482720418,12.324919310293891,8.971816262640406,12.596792530373902,#A0A0A0,#dbb40c
114,India,Dhanbad,3,0,1162472,0,0,0,23.7952809,86.43096379999999,6.021650413945454,3.4409430936831167,1.7204715468415583,8.602357734207791,#A0A0A0,#dbb40c
115,India,Faridabad,0,0,1414050,0,0,0,28.402837,77.30856259999999,66.47572575227184,126.58675435804956,99.71358862840776,89.10576005091758,#A0A0A0,#7e1e9c
116,India,Ghaziabad,3,0,1648643,0,0,0,28.711241,77.4445372,46.098518599842414,67.93465898924146,31.541091673576393,57.623148249803016,#A0A0A0,#dbb40c
117,India,Gwalior,3,0,1054420,0,0,0,26.2037247,78.1573628,11.380664251436809,3.793554750478936,1.896777375239468,4.74194343809867,#A0A0A0,#dbb40c
118,India,Haora,3,0,1077075,0,0,0,22.5882216,88.323139,32.49541582526751,66.84771255483601,40.85137989462201,61.277069841933006,#A0A0A0,#dbb40c
119,India,Hyderabad,3,0,6993262,0,0,0,17.38878595,78.46106473453145,11.296588058619854,14.156483769662854,6.720754920951053,9.151666275337604,#A0A0A0,#dbb40c
120,India,Indore,3,0,1994397,0,0,0,22.7205162,75.8681124,4.512642167030937,21.058996779477706,3.008428111353958,8.022474963610554,#A0A0A0,#dbb40c
121,India,Jabalpur,3,0,1081677,0,0,0,23.1608938,79.9497702,0.0,5.5469423866829,1.848980795560967,5.5469423866829,#A0A0A0,#dbb40c
122,India,Jaipur,3,0,3046163,0,0,0,26.916194,75.820349,7.550482360924218,16.085810247186377,6.8939186773655905,6.8939186773655905,#A0A0A0,#dbb40c
123,India,Jodhpur,3,0,1056191,0,0,0,26.2967719,73.0351433,5.680790690320216,30.29755034837449,6.627589138706919,7.574387587093622,#A0A0A0,#dbb40c
124,India,Kalyan Dombivali,0,0,1247327,0,0,0,19.2334875,73.1182464,50.50800632071622,150.72230457610556,75.36115228805278,86.58515369265638,#A0A0A0,#7e1e9c
125,India,Kanpur,3,0,2768057,0,0,0,26.4609135,80.3217588,1.8063211848599938,4.3351708436639855,1.445056947887995,2.89011389577599,#A0A0A0,#dbb40c
126,India,Kolkata,3,0,4496694,0,0,0,22.54541245,88.3567751581234,7.783496052877959,15.34460650424512,10.007352067985947,14.67744969971272,#A0A0A0,#dbb40c
127,India,Kota,3,0,1001694,0,0,0,25.196825600000004,76.00089330885551,4.991544323915287,3.9932354591322294,0.9983088647830574,14.974632971745864,#A0A0A0,#dbb40c
128,India,Lucknow,3,0,2817105,0,0,0,26.8381,80.9346001,2.484820409604896,13.489025080712292,1.774871721146354,3.549743442292708,#A0A0A0,#dbb40c
129,India,Ludhiana,3,0,1618879,0,0,0,30.9090157,75.851601,2.4708455665926854,16.060496182852454,2.4708455665926854,2.4708455665926854,#A0A0A0,#dbb40c
130,India,Madurai,3,0,1017865,0,0,0,9.9261153,78.1140983,12.771831234986958,30.455905252661207,6.877139895762208,7.859588452299667,#A0A0A0,#dbb40c
131,India,Meerut,3,0,1305429,0,0,0,28.916667,77.68333299999998,4.596190217928359,9.192380435856718,3.0641268119522396,3.8301585149402992,#A0A0A0,#dbb40c
132,India,Mumbai,3,0,12442373,0,0,0,18.9387711,72.8353355,10.528538245879624,14.868546377768935,9.64446251530958,15.591881066417155,#A0A0A0,#dbb40c
133,India,Nagpur,3,0,2405665,0,0,0,21.1498134,79.0820556,2.078427378708174,22.862701165789918,3.7411692816747135,12.470564272249046,#A0A0A0,#dbb40c
134,India,Nashik,3,0,1486053,0,0,0,20.0112475,73.79023640000003,2.691694037830414,22.206475812100916,4.710464566203224,5.383388075660828,#A0A0A0,#dbb40c
135,India,Navi Mumbai,0,0,1120547,0,0,0,19.0308262,73.0198537,127.61624456626987,199.00994782012714,122.26171682223057,187.40847104137532,#A0A0A0,#7e1e9c
136,India,Patna,3,0,1684297,0,0,0,25.6093239,85.1235252,10.093231775631018,4.156036613495126,2.3748780648543577,2.968597581067947,#A0A0A0,#dbb40c
137,India,Pimpri Chinchwad,3,0,1727692,0,0,0,18.6279288,73.80098290000002,32.41318475746835,82.19057563500901,53.82903897222421,41.095287817504506,#A0A0A0,#dbb40c
138,India,Pune,3,0,3124458,0,0,0,18.521428,73.8544541,17.9231085839528,50.24871513715339,29.44510695935103,23.04399675079646,#A0A0A0,#dbb40c
139,India,Raipur,3,0,1027264,0,0,0,21.2379469,81.6336833,5.840757585197184,11.681515170394368,3.8938383901314557,3.8938383901314557,#A0A0A0,#dbb40c
140,India,Rajkot,3,0,1323363,0,0,0,22.3051991,70.80283349999998,3.7782528301002825,15.868661886421185,1.5113011320401128,3.7782528301002825,#A0A0A0,#dbb40c
141,India,Ranchi,3,0,1073427,0,0,0,23.3700354,85.3250132,3.7263828839781374,5.589574325967206,3.7263828839781374,19.56351014088522,#A0A0A0,#dbb40c
142,India,Srinagar,3,0,1206419,0,0,0,34.07474439999999,74.82044429999998,6.631195297819414,9.94679294672912,0.0,8.288994122274268,#A0A0A0,#dbb40c
143,India,Surat,3,0,4501610,0,0,0,21.1864607,72.80812809999998,1.777141955878008,9.774280757329045,1.9992847003627592,3.9985694007255184,#A0A0A0,#dbb40c
144,India,Thane,0,0,1841488,0,0,0,19.1943294,72.97017790000002,0.0,117.29644722094307,74.93939683560251,105.34958685584701,#A0A0A0,#7e1e9c
145,India,Vadodara,3,0,1752371,0,0,0,22.2973142,73.1942567,10.2717974675454,27.96211532831803,3.9945879040454333,10.842452882409033,#A0A0A0,#dbb40c
146,India,Varanasi,3,0,1198491,0,0,0,25.3356491,83.0076292,5.006295416486232,16.68765138828744,4.17191284707186,6.6750605553149756,#A0A0A0,#dbb40c
147,India,Vasai,3,0,1222390,0,0,0,19.43988455,72.88038340007749,33.54085030145862,35.99505886010193,16.361390390955425,67.89977012246501,#A0A0A0,#dbb40c
148,India,Vijayawada,3,0,1143232,0,0,0,16.5087586,80.6185102,11.371270223366736,27.990819011364273,4.3735654705256675,6.122991658735935,#A0A0A0,#dbb40c
149,India,Visakhapatnam,3,0,1728128,0,0,0,17.7231276,83.30128420000001,10.994555958817866,27.775720317013555,2.8933041996889117,20.831790237760163,#A0A0A0,#dbb40c
150,Indonesia,Bandar Lampung,3,0,1033601,0,0,0,-5.4460713,105.2643742,12.577387212280174,55.14700546922845,18.382335156409486,43.53710958096983,#A0A0A0,#dbb40c
151,Indonesia,Bandung,3,0,2525220,0,0,0,-6.9344694,107.6049539,34.45244374747546,83.16107111459596,19.404249926739055,84.34908641623305,#A0A0A0,#dbb40c
152,Indonesia,Batam,0,0,1347762,0,0,0,1.1061034,104.0378246,110.5536437442219,175.8470709220174,139.49050351619945,119.45729290483037,#A0A0A0,#7e1e9c
153,Indonesia,Bogor,3,0,5162044,0,0,0,-6.596298599999999,106.7972421,11.429580995435142,35.838516680601714,9.492363877564777,37.388290374898006,#A0A0A0,#dbb40c
154,Indonesia,Cirebon,3,0,1891957,0,0,0,-6.713704400000001,108.5608483,5.81408562668179,43.3413655807188,6.342638865471044,21.6706827903594,#A0A0A0,#dbb40c
155,Indonesia,Jakarta,3,1,10428001,0,0,0,-6.1753942,106.827183,19.85040085822777,20.90525307774712,20.713461765107233,22.056000953586405,#A0A0A0,#dbb40c
156,Indonesia,Makasar,0,0,1502459,0,0,0,-6.26958695,106.88869732007156,135.11183999030922,145.0954734871301,119.13802639539581,151.08565358522262,#A0A0A0,#7e1e9c
157,Indonesia,Malang,3,0,1382786,0,0,0,-8.10479815,112.68798721390587,17.356264816103142,97.62898959058019,28.203930326167605,42.66748433958689,#A0A0A0,#dbb40c
158,Indonesia,Medan,3,0,2269588,0,0,0,3.5896654000000003,98.6738261,18.946169965650153,86.79989495890884,22.911647400321115,42.2984259698236,#A0A0A0,#dbb40c
159,Indonesia,Palembang,3,0,1649298,0,0,0,-2.9888297,104.756857,18.795875578579494,43.6549368276685,13.945327042171883,35.16647688895518,#A0A0A0,#dbb40c
160,Indonesia,Sukabumi,3,0,1301873,0,0,0,-6.9199289,106.9265095,9.217488956296043,86.02989692542975,18.434977912592085,63.75429861438097,#A0A0A0,#dbb40c
161,Indonesia,Surabaya,3,0,2885245,0,0,0,-7.2459717,112.73782659999998,20.795461044036124,74.86365975853003,16.9829598526295,67.5852483931174,#A0A0A0,#dbb40c
162,Indonesia,Tangerang,3,0,3050758,0,0,0,-6.1734808,106.4992042,20.322818132411683,70.14650129574355,21.961755078573916,38.351124540196246,#A0A0A0,#dbb40c
163,Iran,Ahwaz,3,0,1184788,0,0,0,31.3229936,48.6793316,3.376131426044153,42.201642825551914,9.284361421621421,32.91728140393049,#A0A0A0,#dbb40c
164,Iran,Esfahan,3,0,1961260,0,0,0,32.6707877,51.6650002,11.217278688190245,35.69134128060533,3.059257824051885,35.69134128060533,#A0A0A0,#dbb40c
165,Iran,Karaj,3,0,1592492,0,0,0,35.8228964,50.95876430889607,7.535359675276234,55.8872509249654,10.047146233701644,71.58591691512422,#A0A0A0,#dbb40c
166,Iran,Mashhad,3,0,3001184,0,0,0,36.2974945,59.60592320000001,5.331229274846194,24.990137225841536,2.3324128077452095,23.990531736807874,#A0A0A0,#dbb40c
167,Iran,Qom,3,0,1201158,0,0,0,34.6423117,50.8800969,4.16264970969681,34.133727619513834,3.3301197677574472,26.640958142059578,#A0A0A0,#dbb40c
168,Iran,Shiraz,3,0,1565572,0,0,0,29.6060218,52.5378041,9.581162667702284,27.465999647413213,3.1937208892340947,47.90581333851142,#A0A0A0,#dbb40c
169,Iran,Tabriz,0,0,1558693,0,0,0,38.0739964,46.29619520000001,97.51759968127142,149.48421530089632,55.1744313986141,167.44798366323582,#A0A0A0,#7e1e9c
170,Iran,Tehran,3,1,8693706,0,0,0,35.7006177,51.4013785,17.59893881849697,24.385457709289916,8.051802073822142,32.66731127093554,#A0A0A0,#dbb40c
171,Iraq,Al-Basrah,3,0,1225793,0,0,0,30.4952367,47.8090981,5.710588981989618,8.973782685983686,5.710588981989618,4.078992129992584,#A0A0A0,#dbb40c
172,Iraq,Baghdad,3,1,1211934,0,0,0,33.3024309,44.3787992,3.3005097637330088,52.80815621972814,4.125637204666261,16.502548818665044,#A0A0A0,#dbb40c
173,Ireland,Dublin,2,1,544107,0,1,1936,53.3497645,-6.2602732,233.4099726708166,428.2245955299233,431.90034313103854,404.3322361226744,#ff878c,#f97306
176,Italy,Milano,0,0,1358871,2,1,2026,45.4668,9.1905,97.13946356938959,175.1453964357176,164.84272605714597,170.7299662734726,#ff878c,#7e1e9c
177,Italy,Roma,3,1,2873147,0,2,2024,41.8933203,12.4829321,54.64391484320155,82.13989747130934,67.17372971170636,83.1840487103514,#e50000,#dbb40c
179,Italy,Torino,0,0,884680,2,0,2006,45.06775510000001,7.682489200000001,125.46909617036668,185.3777637111724,106.25310846859881,180.8563548401682,#0504aa,#7e1e9c
180,Japan,Fukuoka,0,0,1538681,0,0,0,33.6251241,130.6180016,125.43210710992076,159.8771935183446,51.342675967273266,145.5792331223951,#A0A0A0,#7e1e9c
181,Japan,Hiroshima,0,0,1194034,0,0,0,34.391605799999994,132.4518156,100.4996507637136,203.51179279652,71.18725262429713,163.3119324910346,#A0A0A0,#7e1e9c
182,Japan,Kawasaki,0,0,1475213,0,0,0,35.523142,139.708024,202.6825956658462,166.07771216766662,163.36623931594963,169.4670532323129,#A0A0A0,#7e1e9c
183,Japan,Kobe,0,0,1537272,0,0,0,34.69323789999999,135.1943764,156.120712534932,161.3247362860964,152.86819769045428,153.5187006593498,#A0A0A0,#7e1e9c
184,Japan,Kyoto,0,0,1475183,0,0,0,35.021041,135.7556075,128.119697691744,169.470499592254,87.44677778960306,115.91782172110172,#A0A0A0,#7e1e9c
185,Japan,Nagano,5,0,377598,2,0,1998,36.1143945,138.0319015,217.16216717249563,542.9054179312391,108.58108358624781,521.7188650363614,#0504aa,#b9a281
186,Japan,Nagoya,0,0,2295638,0,1,1988,35.1851045,136.8998438,104.98170878858079,107.15975253938122,63.1632687732125,98.01196878601941,#ff878c,#7e1e9c
187,Japan,Osaka,0,0,2691185,0,1,2008,34.6198813,135.49035700000002,91.78112987401461,92.15271339577174,90.66637930874317,92.52429691752889,#ff878c,#7e1e9c
188,Japan,Saitama,0,0,1263979,0,0,0,35.9754168,139.4160114,107.59672431266658,185.1296580085587,97.3117433121911,136.8693625447891,#A0A0A0,#7e1e9c
189,Japan,Sapporo,0,0,1952356,2,0,2026,43.061936,141.35429240000005,97.31831694629463,126.51381203018303,36.87852010596428,110.63556031789285,#0504aa,#7e1e9c
190,Japan,Sendai,0,0,1082159,0,0,0,38.2677554,140.8691498,158.01744475626964,229.17149882780626,57.292874706951565,198.67690422571914,#A0A0A0,#7e1e9c
191,Japan,Tokyo,3,1,9272740,0,2,2021,35.68283870000001,139.7594549,32.89211171670941,26.313689373367527,25.882317416427078,28.254863179599557,#e50000,#dbb40c
192,Japan,Yokohama,3,0,3724844,0,0,0,35.44499099999999,139.636768,64.43222857118312,65.2376314283229,65.7745666664161,58.525940952157995,#A0A0A0,#dbb40c
193,Jordan,Amman,3,1,3728346,0,0,0,31.9515694,35.9239625,13.67898794800697,58.20275264151986,21.18902054691276,44.52376469351289,#A0A0A0,#dbb40c
194,Kazakhstan,Almaty,3,0,1828325,1,0,2022,43.2363924,76.9457275,31.723025173314376,48.67843517974102,22.424897105273953,74.38502454432336,#75bbfd,#dbb40c
195,Kazakhstan,Astana,3,1,1054481,0,0,0,51.15092055,71.4388595154859,24.656679447045512,42.675022119886464,35.08835152079554,66.3833677420456,#A0A0A0,#dbb40c
196,Kenya,Nairobi,3,1,3109861,0,0,0,-1.2832533000000002,36.8172449,18.007235693170852,32.15577802351938,20.901255715287597,31.51266246304899,#A0A0A0,#dbb40c
197,Madagascar,Antananarivo,3,1,1521898,0,0,0,-18.9100122,47.5255809,3.942445551541562,23.65467330924937,5.913668327312343,6.570742585902603,#A0A0A0,#dbb40c
198,Malaysia,Kuala Lumpur,0,1,1824323,0,1,2008,3.1516964,101.6942371,106.34081793629747,133.7482452394669,105.79266939023407,153.48159289774892,#ff878c,#7e1e9c
199,Mali,Bamako,3,1,1810366,0,0,0,12.60503275,-7.986513673439357,2.2094979689189924,4.418995937837985,4.418995937837985,2.2094979689189924,#A0A0A0,#dbb40c
200,Mexico,Aguascalientes,0,0,1056561,0,0,0,22.0000001,-102.5000001,63.4132813912306,200.65097992449085,55.841546299740386,159.95290380773093,#A0A0A0,#7e1e9c
201,Mexico,Cuernavaca,0,0,1032278,0,0,0,18.9218274,-99.2342282,58.123877482616116,230.55804734771058,87.18581622392416,158.8719317858174,#A0A0A0,#7e1e9c
202,Mexico,Guadalajara,3,0,5060750,0,0,0,20.6720375,-103.3383962,29.639875512522845,44.26221409870079,34.18465642444302,50.38778837128884,#A0A0A0,#dbb40c
203,Mexico,Juárez,3,0,1462133,0,0,0,19.29348285,-100.46459243844757,2.051796929554288,12.99471388717716,2.7357292394057175,9.575052337920011,#A0A0A0,#dbb40c
204,Mexico,La Laguna,3,0,1417538,0,0,0,20.443863,-97.44505868410332,7.759933067050055,88.88650604075518,22.57435074050925,55.02497992999129,#A0A0A0,#dbb40c
205,Mexico,León,0,0,1757811,0,0,0,21.1218598,-101.6825081,28.44446871705775,127.43121985241872,40.960034952563156,95.57341488931404,#A0A0A0,#7e1e9c
206,Mexico,Mexicali,3,0,1065882,0,0,0,32.624862199999995,-115.448325,29.08389484014178,107.89186795536466,39.40398655761145,77.86978295908928,#A0A0A0,#dbb40c
207,Mexico,Mexico City,3,1,21800320,0,2,1968,19.4326296,-99.1331785,8.990693714587676,10.091594985761677,10.137465872060593,10.73378739394651,#e50000,#dbb40c
208,Mexico,Monterrey,3,0,4834971,0,0,0,25.6802019,-100.3152586,27.094267990438826,45.50182410608047,31.023970981418504,49.224700623850694,#A0A0A0,#dbb40c
209,Mexico,Mérida,0,0,1196520,0,0,0,20.9670759,-89.6237402,82.73994584294454,144.5859659679738,57.66723498144619,179.68776117407145,#A0A0A0,#7e1e9c
210,Mexico,Puebla,3,0,3046766,0,0,0,18.833333,-98.0,7.548988008924874,43.32462683382971,5.907903659158596,25.929132726307174,#A0A0A0,#dbb40c
211,Mexico,Querétaro,3,0,1337686,0,0,0,20.854257500000006,-99.84756,5.980476733702827,38.87309876906838,3.737797958564267,26.16458570994987,#A0A0A0,#dbb40c
212,Mexico,San Luis Potosí,3,0,1188221,0,0,0,22.5000001,-100.5000001,3.3663771301803287,3.3663771301803287,1.6831885650901643,4.20797141272541,#A0A0A0,#dbb40c
213,Mexico,Tijuana,3,0,2024994,0,0,0,32.501018800000004,-116.9646629,33.58034641090295,95.80275299581135,60.74092071383915,67.65452144549565,#A0A0A0,#dbb40c
214,Mexico,Toluca,3,0,2386157,0,0,0,19.292545,-99.6569007,35.62213215643397,95.55113096078757,25.145034463365153,84.23586545227326,#A0A0A0,#dbb40c
215,Mongolia,Ulaanbaatar,3,1,1477174,0,0,0,47.91846760000001,106.9177016,18.278144619388105,32.49447932335662,29.78660604641024,28.43266940793705,#A0A0A0,#dbb40c
216,Morocco,Casablanca,3,0,3352399,0,0,0,33.59506270000001,-7.6187768,6.264170822148557,45.63895884708234,14.91469243368704,25.35497713726797,#A0A0A0,#dbb40c
217,Morocco,Fès,3,0,1146967,0,0,0,34.0346534,-5.0161926,4.359323328395673,60.158661931860294,6.103052659753943,17.437293313582693,#A0A0A0,#dbb40c
218,Morocco,Kénitra,3,0,1058359,0,0,0,34.26457,-6.570169,11.338307700884105,34.01492310265231,7.558871800589403,16.06260257625248,#A0A0A0,#dbb40c
219,Morocco,Marrakech,3,0,1325571,0,0,0,31.6258257,-7.9891608,12.82466197585795,62.61452611742411,34.70202652290975,42.24594533223796,#A0A0A0,#dbb40c
220,Morocco,Tanger,3,0,1059562,0,0,0,35.77710300000001,-5.803792,8.494075853984949,64.17746200788628,11.32543447197993,43.41416547592307,#A0A0A0,#dbb40c
221,Mozambique,Maputo,3,1,1241702,0,0,0,-25.966213,32.56745,11.274846943952735,34.629887042140545,9.664154523388058,33.82454083185821,#A0A0A0,#dbb40c
222,Myanmar,Mandalay,3,0,1225546,0,0,0,21.981274600000006,96.082375,4.079814221579606,30.190625239689084,5.711739910211448,6.52770275452737,#A0A0A0,#dbb40c
223,Myanmar,Nay Pyi Taw,3,1,1160242,0,0,0,19.7540045,96.1344976,4.309445788033876,8.618891576067751,2.5856674728203255,7.757002418460977,#A0A0A0,#dbb40c
224,Myanmar,Yangon,3,0,5211431,0,0,0,16.7967129,96.1609916,4.605261011802709,18.421044047210835,7.483549144179401,12.280696031473889,#A0A0A0,#dbb40c
225,Netherlands,Amsterdam,2,1,821752,0,2,1992,52.3727598,4.8936041,238.5147830489004,290.84200586064895,300.57730312795104,273.80523564287034,#e50000,#f97306
226,New Zealand,Auckland,0,0,1695900,0,0,0,-36.852095,174.76318030000004,38.91738899699275,119.70045403620496,47.76225013267292,129.13497258093048,#A0A0A0,#7e1e9c
227,Niger,Niamey,3,1,1026848,0,0,0,13.524834,2.109823,3.8954158745987724,13.633955561095702,3.8954158745987724,9.738539686496932,#A0A0A0,#dbb40c
228,North Korea,Pyongyang,3,1,2581076,0,0,0,39.0194741,125.753388,6.586400400453145,2.3246119060422865,1.1623059530211433,1.937176588368572,#A0A0A0,#dbb40c
230,Norway,Oslo,2,1,634293,2,0,2022,59.9133301,10.7389701,187.61045762762635,283.7805241426281,165.53863908319974,294.8164334148414,#0504aa,#f97306
231,Pakistan,Faisalabad,3,0,3203846,0,0,0,31.422055800000006,73.0923253,2.4969989194237177,4.369748108991506,0.3121248649279647,2.8091237843516823,#A0A0A0,#dbb40c
232,Pakistan,Gujranwala,3,0,2027001,0,0,0,32.1525312,74.1933745,4.933396678146681,2.4666983390733406,0.0,8.880114020664026,#A0A0A0,#dbb40c
233,Pakistan,Hyderabad,3,0,1732693,0,0,0,25.3801017,68.3750376,3.4628177063103505,4.039953990695409,1.1542725687701167,2.3085451375402335,#A0A0A0,#dbb40c
234,Pakistan,Islamabad,3,1,1014825,0,0,0,33.6938118,73.0651511,11.824698839701426,87.69984972778558,13.795481979651663,50.25497006873106,#A0A0A0,#dbb40c
235,Pakistan,Karachi,3,0,14910352,0,0,0,25.1446897,67.18477673157341,0.2012024934086063,1.3413499560573754,0.33533748901434385,1.0060124670430315,#A0A0A0,#dbb40c
236,Pakistan,Lahore,3,0,11126285,0,0,0,31.5656079,74.3141775,1.8874224415427072,5.302758288143797,0.44938629560540644,4.583740215175146,#A0A0A0,#dbb40c
237,Pakistan,Multan,3,0,1871843,0,0,0,30.1979793,71.4724978,4.808095550748647,9.081958262525223,1.6026985169162156,2.6711641948603595,#A0A0A0,#dbb40c
238,Pakistan,Peshawar,3,0,1970042,0,0,0,34.012384600000004,71.5787458,2.0304135647869437,7.106447476754302,0.0,2.0304135647869437,#A0A0A0,#dbb40c
239,Pakistan,Quetta,3,0,1001205,0,0,0,30.1891852,67.0184433,0.0,6.99157515194191,0.0,10.986760953051572,#A0A0A0,#dbb40c
240,Pakistan,Rawalpindi,3,0,2098231,0,0,0,33.6038766,73.048136,5.71910337803607,45.75282702428856,6.672287274375414,24.306189356653295,#A0A0A0,#dbb40c
241,Panama,Ciudad De Panamá,0,1,1107085,0,0,0,8.9714493,-79.53418020000002,56.90619961430242,148.1367735991365,52.38983456554826,132.78113243337233,#A0A0A0,#7e1e9c
242,Paraguay,Asunción,3,1,2887087,0,0,0,-25.2800459,-57.6343814,46.41356495318637,67.19575821580713,29.787810343089763,85.20699237674515,#A0A0A0,#dbb40c
243,Peru,Lima,3,1,10350721,0,0,0,-12.0621065,-77.03652559999998,13.81546271027883,20.578276624401337,10.820502262596007,24.249518463496408,#A0A0A0,#dbb40c
244,Philippines,Caloocan,0,0,1583978,0,0,0,14.6571285,120.984107,138.8908179280268,116.16322953980422,126.89570183424266,136.99685222900825,#A0A0A0,#7e1e9c
245,Philippines,Davao,3,0,1632991,0,0,0,7.226507249999999,125.45488769135531,42.253754001093704,70.42292333515616,36.130021537167075,56.95071191451759,#A0A0A0,#dbb40c
246,Philippines,Manila,0,1,1780148,0,0,0,14.5906216,120.9799696,123.585229992113,102.23869026620258,115.15896431083259,121.33822581043823,#A0A0A0,#7e1e9c
247,Philippines,Quezon City,3,0,2936116,0,0,0,14.6509905,121.0486155,75.26950570072844,62.3272377521869,56.877861773853624,74.58833370343679,#A0A0A0,#dbb40c
248,Poland,Kraków,0,0,759104,1,0,2022,50.0469432,19.99715343583669,126.46488491695472,216.04417839979766,84.30992327796982,196.28404013152348,#75bbfd,#7e1e9c
249,Poland,Warszawa,0,1,1754511,0,0,0,52.2337172,21.071411128832267,80.36427243830333,131.66061654785864,70.10500361639225,129.3807790318784,#A0A0A0,#7e1e9c
251,Puerto Rico,San Juan,5,1,337288,0,1,2004,18.465299,-66.11666600000001,151.20609093712199,649.2967434358767,311.3066578117217,504.02030312373995,#ff878c,#b9a281
252,Qatar,Doha,0,1,956457,0,1,2020,25.2856329,51.5264162,84.68754998917882,217.46926416974313,51.23074011691064,204.92296046764255,#ff878c,#7e1e9c
253,Romania,Bucuresti,0,1,1826830,0,0,0,44.4361414,26.1027202,66.78234975339797,120.97458438935205,69.51933130066837,113.3110360569949,#A0A0A0,#7e1e9c
254,Russia,Chelyabinsk,0,0,1149829,0,0,0,55.15984079999999,61.4025547,51.31197769407451,79.14220288408102,58.26953399157614,119.14815159471539,#A0A0A0,#7e1e9c
255,Russia,Ekaterinburg,0,0,1420285,0,0,0,56.839104000000006,60.60825,73.92882414444988,62.66347951291466,36.61237005248947,137.2963876968355,#A0A0A0,#7e1e9c
256,Russia,Kazan,0,0,1168745,0,0,0,55.7823547,49.1242266,75.29443976230914,107.8079478414881,46.20340621778061,144.59954908898007,#A0A0A0,#7e1e9c
257,Russia,Moscow,3,1,11918057,0,2,2012,55.4792046,37.3273304,3.7757832505751563,18.79500995841856,7.299847617778636,10.15266162932431,#e50000,#dbb40c
258,Russia,Nizhny Novgorod,0,0,1266231,0,0,0,56.328571,44.003506,63.96937051770175,78.97453150333548,37.907775121601034,113.7233253648031,#A0A0A0,#7e1e9c
259,Russia,Novosibirsk,3,0,1511369,0,0,0,55.0282171,82.9234509,59.54866084986526,66.82683050929323,43.00736616934712,109.17254489141963,#A0A0A0,#dbb40c
260,Russia,Omsk,3,0,1158627,0,0,0,54.991375,73.37152900000002,37.97598364270813,72.49960513607917,39.70216471737669,85.44596319609332,#A0A0A0,#dbb40c
261,Russia,Perm,3,0,1007285,0,0,0,58.88439115,56.438994675625146,0.0,4.963838436986553,0.9927676873973106,9.927676873973105,#A0A0A0,#dbb40c
262,Russia,Rostov,0,0,1100091,0,0,0,47.22138579999999,39.7114196,69.99420956993558,97.26468083094943,47.26881685242403,183.62117315749333,#A0A0A0,#7e1e9c
263,Russia,Samara,3,0,1170485,0,0,0,53.198627,50.113987,55.532535658295494,52.96949555098955,33.31952139497729,134.98677898477982,#A0A0A0,#dbb40c
264,Russia,Sochi,2,0,441407,2,0,2014,43.5854823,39.723109,117.80510957007931,367.00822596832404,183.50411298416202,453.09657526953583,#0504aa,#f97306
265,Russia,St. Petersburg,3,0,4990602,0,1,2004,59.9606739,30.158655100000004,48.89189720999591,39.87494895405404,46.88813093089772,47.68963744253699,#ff878c,#dbb40c
266,Russia,Ufa,0,0,1084420,0,0,0,54.726288,55.947727,71.0056988989506,57.173419892661514,43.341140886372436,130.0234226591173,#A0A0A0,#7e1e9c
267,Russia,Volgograd,3,0,1018762,0,0,0,48.64820995,44.38576379902912,42.20809178198637,74.60034826583637,50.060760020495465,94.23201886210911,#A0A0A0,#dbb40c
268,Saudi Arabia,Al-Madinah,3,0,1100093,0,0,0,22.2826324,39.1336357,8.181126504759144,51.81380119680791,3.6360562243373966,33.63352007512092,#A0A0A0,#dbb40c
269,Saudi Arabia,Jiddah,3,0,3430697,0,0,0,21.581008800000006,39.1653612,25.942250219124567,59.46313533372373,39.35060426496423,63.25245278146103,#A0A0A0,#dbb40c
270,Saudi Arabia,Makkah,0,0,1534731,0,0,0,21.420847,39.826869,13.683179658194172,140.08969650055937,24.760039381494217,88.61487778640036,#A0A0A0,#7e1e9c
271,Saudi Arabia,Riyadh,3,1,5188286,0,0,0,24.6319692,46.7150648,31.995152156222687,34.50079660219194,33.92257096081442,43.752406864232235,#A0A0A0,#dbb40c
272,Senegal,Dakar,3,1,1056009,0,0,0,14.693425,-17.447938,5.681769757644111,58.71162082898915,11.363539515288222,29.355810414494574,#A0A0A0,#dbb40c
273,Serbia,Belgrade,0,1,1687132,0,1,1996,44.8178131,20.4568974,81.79561528084348,133.95513806862772,104.31904557556848,129.2133632697382,#ff878c,#7e1e9c
274,Sierra Leone,Freetown,3,1,1055964,0,0,0,8.479004,-13.26795,3.788007924512578,4.735009905640722,3.788007924512578,6.629013867897012,#A0A0A0,#dbb40c
275,Singapore,Singapore,3,1,5638676,0,0,0,1.357107,103.8194992,35.824012587352065,42.20849007816729,42.74052986906855,42.56318327210147,#A0A0A0,#dbb40c
277,Somalia,Mogadishu,3,1,1212000,0,0,0,2.042778,45.338564,0.8250825082508251,4.125412541254125,2.4752475247524752,5.775577557755775,#A0A0A0,#dbb40c
278,South Africa,Cape Town,2,1,433688,0,1,2004,-33.928992,18.417396,115.29025474534689,493.4422903100846,225.96889930087988,410.4333068934349,#ff878c,#f97306
279,South Korea,Busan,3,0,3428923,0,0,0,35.1799528,129.0752365,22.164393892776246,42.87060397681721,11.665470469882234,38.20441578886432,#A0A0A0,#dbb40c
280,South Korea,Daegu,3,0,2465268,0,0,0,35.8713,128.6018,18.65922893575871,20.28177058234642,2.8394478815284994,24.743760110462638,#A0A0A0,#dbb40c
281,South Korea,Daejeon,3,0,1531256,0,0,0,36.3496,127.3848,28.08152261933994,53.5508105764157,5.2244693245283615,49.63245858301943,#A0A0A0,#dbb40c
282,South Korea,Gwangju,3,0,1500977,0,0,0,35.159577500000005,126.8515089,20.653214539596544,32.645403627104216,2.664930908335038,29.314239991685415,#A0A0A0,#dbb40c
283,South Korea,Incheon,3,0,2923047,0,0,0,37.456,126.7052,69.79018811534675,84.15875625674168,69.44807935007545,56.44794626976576,#A0A0A0,#dbb40c
285,South Korea,Seoul,3,1,9776305,0,2,1988,37.5666791,126.97829140000002,25.776609874589635,24.85601666478286,24.139999723822037,21.99194890093957,#e50000,#dbb40c
286,South Korea,Ulsan,3,0,1165646,0,0,0,35.5391697,129.3119136,15.44208104347289,27.45258852172958,3.4315735652161976,39.46309599998627,#A0A0A0,#dbb40c
287,Spain,Barcelona,0,0,1620576,0,2,1992,41.3828939,2.1774322,131.4347491262366,146.24429832355904,130.81768457634817,156.73439567166244,#e50000,#7e1e9c
289,Spain,Madrid,3,1,3203157,0,1,2020,40.4167047,-3.7035825,63.06278462154681,73.36512072308662,65.24812864308556,77.73580876616414,#ff878c,#dbb40c
290,Spain,Sevilla,0,0,689072,0,1,2008,37.3886303,-5.9953403,120.45185408781666,204.62302923351987,95.78099240717951,194.46443912972808,#ff878c,#7e1e9c
293,Sweden,Stockholm,2,1,789024,1,2,2026,59.3251172,18.0710935,186.3061199659326,300.3710913736464,244.60599424098632,267.4189885225291,#e50000,#f97306
296,Switzerland,Bern,2,1,418225,1,0,2010,46.9482713,7.4514512,143.4634467093072,418.43505290214597,196.06671050271984,260.6252615219081,#75bbfd,#f97306
299,Switzerland,Lausanne,2,0,420757,0,1,1960,46.5218269,6.6327025,130.71677951881966,437.3070442084148,175.87348517077552,363.630313934171,#ff878c,#f97306
302,Switzerland,Zürich,0,0,1369041,0,0,0,47.3723941,8.5423328,86.92215938017927,175.30519538859681,136.5919647402817,135.86152642616256,#A0A0A0,#7e1e9c
303,Syria,Al-Hasakeh,3,0,1392000,0,0,0,36.5013738,40.7469948,0.0,2.1551724137931036,0.0,7.183908045977011,#A0A0A0,#dbb40c
304,Syria,Aleppo,3,0,4450000,0,0,0,36.19924,37.1637253,1.348314606741573,1.1235955056179774,0.0,0.2247191011235955,#A0A0A0,#dbb40c
305,Syria,Damascus,3,1,2529000,0,0,0,33.5130695,36.3095814,1.5816528272044286,6.326611308817714,2.372479240806643,2.372479240806643,#A0A0A0,#dbb40c
306,Syria,Deir El-Zor,3,0,1111000,0,0,0,35.3333335,40.14999990000001,0.0,2.7002700270027002,0.0,0.9000900090009001,#A0A0A0,#dbb40c
307,Syria,Hama,3,0,1508000,0,0,0,35.13433679999999,36.7496276,1.3262599469496021,4.641909814323607,0.6631299734748011,4.641909814323607,#A0A0A0,#dbb40c
308,Syria,Homs,3,0,1667000,0,0,0,34.7333334,36.71666670000001,0.5998800239952009,3.599280143971206,1.1997600479904018,5.9988002399520095,#A0A0A0,#dbb40c
309,Syria,Idleb,3,0,1376000,0,0,0,35.9333588,36.642062185877386,0.0,7.267441860465117,0.7267441860465116,5.087209302325581,#A0A0A0,#dbb40c
310,Thailand,Bangkok,3,1,8305218,0,1,2008,13.7538929,100.8160803,19.26499701753765,29.138307989025694,28.897495526306475,24.5628711973605,#ff878c,#dbb40c
311,Thailand,Chon Buri,0,0,1158989,0,0,0,13.3658434,100.9889619,33.65001738584232,206.2142091081106,57.80900422695988,120.79493420558781,#A0A0A0,#7e1e9c
312,Thailand,Samut Prakan,0,0,1082993,0,0,0,13.6531651,100.8182578,103.41710426567855,214.22114455033412,146.81535337716866,131.11811433684244,#A0A0A0,#7e1e9c
313,Togo,Lome,3,1,1788600,0,0,0,6.130419,1.215829,3.3545790003354576,6.150061500615006,3.9136755003913675,7.827351000782735,#A0A0A0,#dbb40c
314,Tunisia,Tunis,3,1,1056247,0,0,0,33.8439408,9.400138,0.0,5.680489506715759,0.9467482511192932,1.8934965022385863,#A0A0A0,#dbb40c
315,Turkey,Adana,0,0,2216475,0,0,0,37.1438001,35.4984094,91.13569970335782,110.0847065723728,53.23768596532783,114.14520804430458,#A0A0A0,#7e1e9c
316,Turkey,Ankara,3,1,5445026,0,0,0,39.9207774,32.854067,45.54615533516277,43.70961681358363,41.68942443984657,53.81057868226892,#A0A0A0,#dbb40c
317,Turkey,Antalya,0,0,2364396,0,0,0,36.9279654,30.7276865,107.42701307226031,103.1976031087855,103.1976031087855,115.46289200286247,#A0A0A0,#7e1e9c
318,Turkey,Aydın,0,0,1080839,0,0,0,37.84130070000001,27.832837400000006,122.127347366259,226.67575836919283,76.79219569242044,230.3765870772613,#A0A0A0,#7e1e9c
319,Turkey,Balıkesir,0,0,1204824,0,0,0,39.5400798,28.0228793,90.46964535899019,200.85921263188646,44.81982430628872,198.36922239264823,#A0A0A0,#7e1e9c
320,Turkey,Bursa,0,0,2936803,0,0,0,40.182737,29.0678352,79.3379739805496,83.42404989371096,67.7607588932591,97.38480926367892,#A0A0A0,#7e1e9c
321,Turkey,Denizli,0,0,1018735,0,0,0,37.82758920000001,29.2389539,162.94718449842205,242.45755765729066,96.19773542677929,250.31043401866037,#A0A0A0,#7e1e9c
322,Turkey,Diyarbakir,0,0,1699901,0,0,0,38.0814716,40.42977670000001,86.47562416870159,140.00815341599304,55.885607455963616,124.12487550745604,#A0A0A0,#7e1e9c
323,Turkey,Erzurum,0,0,760476,1,0,2026,39.7581897,41.4032241,139.38638431719082,247.213587279546,67.06326037902578,295.86732520158426,#75bbfd,#7e1e9c
324,Turkey,Gaziantep,0,0,2005515,0,0,0,36.9666307,37.4074178,113.6865094501911,119.67000994756958,41.884503481649354,129.64251077653373,#A0A0A0,#7e1e9c
325,Turkey,Hatay,0,0,1575226,0,0,0,36.2025939,36.1603945,74.2750564046048,156.80289685416568,55.23017014701383,142.8366469319323,#A0A0A0,#7e1e9c
326,Turkey,Istanbul,3,0,15029231,0,1,2020,41.0766019,29.052495,16.368102932212565,16.101954917054638,16.101954917054638,17.49923199663376,#ff878c,#dbb40c
327,Turkey,İZmir,3,0,4279677,0,0,0,38.4147331,27.1434119,55.61167349778967,54.6770235230369,51.40574861140222,61.68689833368266,#A0A0A0,#dbb40c
328,Turkey,Kahramanmaraş,0,0,1127623,0,0,0,37.7830345,36.830655,85.13483673178004,161.40146130399964,22.17053039890105,211.063449397538,#A0A0A0,#7e1e9c
329,Turkey,Kayseri,0,0,1376722,0,0,0,38.6582232,35.55463740000001,106.04900626270228,170.69531829955503,45.03450950881877,181.5907641484628,#A0A0A0,#7e1e9c
330,Turkey,Kocaeli,0,0,1883270,0,0,0,40.82165360000001,29.9507184,107.79123545747557,129.5618790720396,49.38219161352329,131.68584430272875,#A0A0A0,#7e1e9c
331,Turkey,Konya,0,0,2180149,0,0,0,37.8719963,32.484401500000004,84.39790124436449,111.9189559979616,47.24447732700838,121.09264091582732,#A0A0A0,#7e1e9c
332,Turkey,Manisa,0,0,1413041,0,0,0,38.6155029,27.4255716,128.09253234690289,174.80030657284536,132.3386936401704,147.90795171548453,#A0A0A0,#7e1e9c
333,Turkey,Mersin,3,0,1793931,0,0,0,36.8328277,33.9685895,2.229740162804478,24.52714179084926,4.459480325608956,32.88866740136605,#A0A0A0,#dbb40c
334,Turkey,Samsun,0,0,1312990,0,0,0,41.2303557,35.9683338,37.3194007570507,162.98677065324182,38.08102118066398,117.28954523644506,#A0A0A0,#7e1e9c
335,Turkey,Tekirdağ,0,0,1005463,0,0,0,41.1185843,27.4144196,92.4947014460005,246.65253718933465,119.34800186580709,203.88616985408711,#A0A0A0,#7e1e9c
336,Turkey,Van,3,0,1106891,0,0,0,38.3249599,43.6589825,31.620096287710354,43.36470348028848,5.42058793503606,69.56421183296278,#A0A0A0,#dbb40c
337,Turkey,Şanlıurfa,0,0,1985753,0,0,0,37.2595198,39.0408174,60.43047649934307,108.27127039465634,24.67577790389842,115.82507995707421,#A0A0A0,#7e1e9c
338,Uganda,Kampala,3,1,1507114,0,0,0,0.31771370000000004,32.5813539,9.289277387112056,38.48414917517852,31.848951041527048,31.185431228161903,#A0A0A0,#dbb40c
339,Ukraine,Kharkiv,0,0,1430515,0,0,0,49.9902794,36.2303893,84.58492221332877,116.04212468936012,59.41916023250368,151.69362082886232,#A0A0A0,#7e1e9c
340,Ukraine,Kyiv,0,1,2893215,0,0,0,50.4500336,30.524136100000003,79.49633884795979,74.31179501004937,70.16415993972105,91.93924405894481,#A0A0A0,#7e1e9c
341,Ukraine,Lviv,2,0,750044,1,0,2022,49.841952,24.0315921,133.3255115699879,294.6493805696732,130.65900133858813,283.98333964407425,#75bbfd,#f97306
342,United Arab Emirates,Dubai,0,0,1089000,0,0,0,25.0657,55.1713,120.29384756657484,215.79430670339764,216.712580348944,198.3471074380165,#A0A0A0,#7e1e9c
343,United Kingdom,Birmingham,0,0,1085810,0,1,1992,52.479699200000006,-1.9026911,91.17617262688684,181.43137381309805,201.6927455079618,149.1973733894512,#ff878c,#7e1e9c
344,United Kingdom,Glasgow,0,0,1209143,0,0,0,55.8609825,-4.2488787000000015,74.43288345547218,112.47635722160241,80.22210772423112,113.30338925999655,#A0A0A0,#7e1e9c
345,United Kingdom,London,3,1,8135667,0,2,2012,51.5073219,-0.1276474,29.991394682206142,26.918505882799774,29.74556357825363,30.728887994063673,#e50000,#dbb40c
346,United Kingdom,Manchester,2,0,510746,0,1,2000,53.4794892,-2.2451148,199.7078782800061,432.70040294001325,442.4900048164841,399.4157565600122,#ff878c,#f97306
347,United Republic of Tanzania,Arusha,3,0,1000923,0,0,0,-3.427534,36.70858481848994,3.996311404573579,14.98616776715092,4.995389255716973,8.991700660290553,#A0A0A0,#dbb40c
348,United Republic of Tanzania,Dar Es Salaam,3,0,5147070,0,0,0,-6.8160837,39.2803583,2.5257088013180313,8.93712345081765,5.4399881874542215,6.02284406468146,#A0A0A0,#dbb40c
350,United States of America,Atlanta Ga,5,0,472522,0,2,1996,33.749098700000005,-84.39018490000002,410.56289442607965,461.35418033446064,503.6802519247781,474.0520018115559,#e50000,#b9a281
351,United States of America,Baltimore Md,2,0,614664,0,1,1948,39.2908816,-76.610759,274.94696289354835,351.4115028698606,395.3379407285932,361.1729335051345,#ff878c,#f97306
353,United States of America,Boston Ma,2,0,673184,0,1,2024,42.3602534,-71.0582912,335.71802063031805,337.2034985977088,355.02923420639826,395.13713932594953,#ff878c,#f97306
354,United States of America,Chicago Il,0,0,2704958,0,1,2016,41.87556160000001,-87.6244212,93.53195132789493,86.1381211833973,90.57441927009587,80.96244008224896,#ff878c,#7e1e9c
355,United States of America,Cleveland Oh,5,0,385809,0,1,1920,41.5051613,-81.6934446,430.26471647887945,583.1901277575173,598.7418644977178,531.3510052901825,#ff878c,#b9a281
356,United States of America,Colorado Springs Co,2,0,465101,1,0,1956,38.8339578,-104.8253485,184.9060741645363,410.6634902956562,154.80508534705368,449.36476163241963,#75bbfd,#f97306
357,United States of America,Dallas Tx,0,0,1317929,0,0,0,32.7762719,-96.7968559,133.54285397771807,154.78830801962775,182.86265800357987,146.4418796460204,#A0A0A0,#7e1e9c
358,United States of America,Denver Co,2,0,693060,2,0,1976,39.7348381,-104.9653271,290.01818024413467,313.1042045421753,357.8333766196289,328.97584624707815,#0504aa,#f97306
359,United States of America,Detroit Mi,2,0,672795,0,1,1972,42.3315509,-83.04664029999998,258.62261164247656,352.2618330992353,362.6661910388751,283.8903380673162,#ff878c,#f97306
361,United States of America,Houston Tx,0,0,2303482,0,0,0,29.7589382,-95.3676974,79.44494465335522,88.5615776463632,101.1512136843266,85.52269998202722,#A0A0A0,#7e1e9c
363,United States of America,Los Angeles Ca,3,0,3976322,0,2,2028,34.0536909,-118.2427666,58.84835282454489,53.06411301700415,62.11770575924184,59.85430757368241,#e50000,#dbb40c
364,United States of America,Minneapolis Mn,5,0,413651,1,1,1956,44.9772995,-93.2654692,522.1793250832222,558.4417782140016,594.704231344781,531.8493125847634,#ff878c,#b9a281
365,United States of America,New York Ny,3,0,8537673,0,1,2012,40.7127281,-74.0060152,32.561565663149665,27.05655276326465,28.57921590578604,30.453262850427745,#ff878c,#dbb40c
366,United States of America,Philadelphia Pa,0,0,1567872,0,1,1956,39.9527237,-75.16352619999998,143.50661278471713,147.97126296024166,152.43591313576619,139.04196260919258,#ff878c,#7e1e9c
367,United States of America,Phoenix Az,0,0,1615017,0,0,0,33.448436699999995,-112.0741417,116.4074433891408,133.12553366311315,144.89011570776034,134.98309924911007,#A0A0A0,#7e1e9c
368,United States of America,Salt Lake City Ut,4,0,193744,2,0,2002,40.7596198,-111.8867975,578.0824180361715,1042.6129325295235,670.9885209348419,1011.6442315633001,#0504aa,#7f4e1e
369,United States of America,San Antonio Tx,0,0,1492510,0,0,0,29.4246002,-98.4951405,100.50183918365705,131.99241546120294,152.09278329793435,142.71261164079303,#A0A0A0,#7e1e9c
370,United States of America,San Diego Ca,0,0,1406630,0,0,0,32.7174209,-117.1627714,150.71482905952524,164.2222901544827,169.19872318946702,157.1131001045051,#A0A0A0,#7e1e9c
371,United States of America,San Francisco Ca,2,0,870887,0,1,1956,37.7790262,-122.4199061,282.470630518081,266.3950661796536,283.61888511368295,292.8049218784986,#ff878c,#f97306
372,United States of America,San Jose Ca,0,0,1025350,0,0,0,37.3361905,-121.8905833,182.37674940264301,207.7339445067538,143.36568001170332,237.96752328473204,#A0A0A0,#7e1e9c
374,United States of America,St. Louis Mo,4,0,311404,0,2,1904,38.6529545,-90.24111656024635,533.0695816367163,712.9002838756085,770.7030095952525,712.9002838756085,#e50000,#7f4e1e
376,Uruguay,Montevideo,0,1,1381946,0,0,0,-34.9059039,-56.1913569,63.67832028168973,120.84408508002484,42.69341927976926,119.39685052816824,#A0A0A0,#7e1e9c
377,Uzbekistan,Tashkent,3,1,2464933,0,1,2000,41.3123363,69.2787079,21.095908083505716,52.7397702087643,23.935741863977643,31.643862125258575,#ff878c,#dbb40c
378,Venezuela,Caracas,3,1,2082130,0,0,0,10.506098,-66.9146017,40.82357969963451,79.24577235811405,0.0,78.76549494988305,#A0A0A0,#dbb40c
379,Venezuela,Maracaibo,3,0,1653215,0,0,0,10.6499149,-71.6396282,10.887876047580018,36.29292015860006,22.985516100446706,47.78567820882341,#A0A0A0,#dbb40c
380,Yemen,Sana'A,3,1,2022867,0,0,0,15.353856900000002,44.2058841,1.4830436207620175,2.4717393679366957,0.4943478735873392,2.966087241524035,#A0A0A0,#dbb40c
381,Zambia,Lusaka,3,1,1747152,0,0,0,-15.4164488,28.2821535,2.2894401860856983,20.03260162824986,5.723600465214246,4.006520325649972,#A0A0A0,#dbb40c
382,Zimbabwe,Harare,3,1,1485231,0,0,0,-17.831773000000005,31.045686,3.3664796923845515,20.19887815430731,4.713071569338372,8.079551261722925,#A0A0A0,#dbb40c