Country,City,Capital,Population,Winter,Summer,Year,Latitude,Longitude
Afghanistan,Kabul,1,3817241,0,0,0,34.5260131,69.17764759999999
Algeria,Algiers,1,2712944,0,0,0,36.775360600000006,3.0601882000000002
Algeria,Wahran,0,1165687,0,0,0,35.5428186,-0.3421804
Andorra,Andorra La Vella,1,22205,1,0,2010,42.506939100000004,1.5212466999999998
Angola,Luanda,1,2487444,0,0,0,-8.827269900000001,13.243951199999998
Argentina,Buenos Aires,1,13879707,0,1,2004,-34.6075682,-58.4370894
Argentina,Córdoba,0,1525490,0,0,0,-31.4173391,-64.183319
Argentina,Mendoza,0,1094209,0,0,0,-34.78719615,-68.43807123826872
Argentina,Rosario,0,1444436,0,0,0,-32.959500399999996,-60.661541500000006
Armenia,Yerevan,1,1076716,0,0,0,40.177612100000005,44.5125849
Australia,Adelaide,0,1334167,0,0,0,-34.928180499999996,138.5999312
Australia,Brisbane,0,2413457,0,1,1992,-27.468968199999996,153.02349909999998
Australia,Melbourne,0,4843781,0,2,1996,-37.814217600000006,144.9631608
Australia,Perth,0,2039041,0,0,0,-31.952712100000003,115.86047959999999
Australia,Sydney,0,5132355,0,2,2000,-33.8548157,151.2164539
Austria,Graz,0,286292,1,0,2026,47.070867799999995,15.438278599999999
Austria,Innsbruck,0,132493,2,0,1976,47.26951525,11.397137204221066
Austria,Klagenfurt,0,100369,1,0,2006,46.6228162,14.307960399999999
Austria,Salzburg,0,153377,1,0,2014,47.798134600000004,13.046480599999999
Austria,Vienna,1,1888776,0,1,1964,48.2083537,16.372504199999998
Azerbaijan,Baku,1,2254175,0,1,2020,40.3754434,49.8326748
Bangladesh,Chittagong,0,2591681,0,0,0,22.3307998,91.84128630000001
Bangladesh,Dhaka,1,8906035,0,0,0,23.7593572,90.3788136
Belarus,Minsk,1,1982444,0,0,0,53.902333999999996,27.561879100000002
Belgium,Antwerp,0,718730,0,2,1920,51.2211097,4.3997081
Belgium,Brussels,1,1550299,0,1,1964,50.8436709,4.3674366933879565
Bolivia,Santa Cruz,0,1616063,0,0,0,-17.333333,-61.5
Bosnia and Herzegovina,Sarajevo,0,0,2,0,2010,43.851977399999996,18.386686800000003
Brazil,Belo Horizonte,0,2513451,0,0,0,-19.9227318,-43.9450948
Brazil,Belém,0,1446042,0,0,0,-1.45056,-48.4682453
Brazil,Brasilia,1,2977216,0,1,2000,-10.333333300000001,-53.2
Brazil,Campinas,0,1173370,0,0,0,-22.90556,-47.060829999999996
Brazil,Curitiba,0,1893997,0,0,0,-25.4295963,-49.2712724
Brazil,Fortaleza,0,2609716,0,0,0,-3.7304512,-38.5217989
Brazil,Goiânia,0,1448639,0,0,0,-16.680882,-49.2532691
Brazil,Guarulhos,0,1337087,0,0,0,-23.443060199999998,-46.524459
Brazil,Maceió,0,1021709,0,0,0,-9.647684300000002,-35.733926399999994
Brazil,Manaus,0,2094391,0,0,0,-3.1316333,-59.9825041
Brazil,Porto Alegre,0,1481019,0,0,0,-30.0324999,-51.23037670000001
Brazil,Recife,0,1625583,0,0,0,-8.064193099999999,-34.878151700000004
Brazil,Rio De Janeiro,0,6498837,0,2,2016,-22.911013699999998,-43.2093727
Brazil,Salvador,0,2938092,0,0,0,-12.982249900000001,-38.48127720000001
Brazil,Sao Gonçalo,0,1044058,0,0,0,-22.821901399999998,-43.030925200000006
Brazil,Sao Luís,0,1082935,0,0,0,-2.5634605,-44.2448718
Brazil,Sao Paulo,0,12038175,0,0,0,-23.5506507,-46.633382399999995
Bulgaria,Sofia,1,1238438,1,0,2014,42.697863399999996,23.322178899999997
Burkina Faso,Ouagadougou,1,1475223,0,0,0,12.368148,-1.527085
Cambodia,Bat Dambang,0,1126345,0,0,0,13.0998526,103.19666590000001
Cambodia,Phnom Penh,1,1570791,0,0,0,11.568271000000001,104.9224426
Cameroon,Douala,0,2948464,0,0,0,4.042940799999999,9.706203
Cameroon,Yaounde,1,2873567,0,0,0,3.8689867,11.521334399999999
Canada,Banff,0,0,1,0,1972,51.177778100000005,-115.5682504
Canada,Calgary,0,1486050,2,0,2026,51.0534234,-114.0625892
Canada,Edmonton,0,1420916,0,0,0,53.535410999999996,-113.50799599999999
Canada,Montreal,0,4255541,1,2,1976,45.4972159,-73.61036419999999
Canada,Ottawa,1,1414399,0,0,0,45.421106,-75.690308
Canada,Québec,0,817408,1,0,2002,52.4760892,-71.8258668
Canada,Toronto,0,6341935,0,1,2008,43.6534817,-79.38393470000001
Canada,Vancouver,0,2650005,2,0,2010,49.2608724,-123.11395290000002
Chile,Santiago,1,5613962,0,0,0,-33.4377968,-70.65044509999998
China,Beijing,1,18796000,2,2,2022,39.906217,116.3912757
China,Harbin,0,0,1,0,2010,45.7656666,126.6160584
Colombia,Barranquilla,0,1232462,0,0,0,10.9799669,-74.80130849999999
Colombia,Bogotá D.C.,1,8181047,0,0,0,4.6155710999999995,-74.06847044854091
Colombia,Cali,0,2445405,0,0,0,3.4517922999999997,-76.5324943
Colombia,Cartagena,0,1036134,0,0,0,10.4195841,-75.52712240000001
Colombia,Medellín,0,2529403,0,0,0,6.2443382000000005,-75.573553
Cuba,Havana,1,2130517,0,1,2012,23.135305,-82.3589631
Czech Republic,Prague,1,1294513,0,1,2016,50.0874654,14.4212535
Côte d'Ivoire,Abidjan,0,4395243,0,0,0,5.320357,-4.016107
Dominican Republic,Santo Domingo,1,1029607,0,0,0,18.4801972,-69.942111
Dominican Republic,Santo Domingo East,0,1121121,0,0,0,18.4801972,-69.942111
Ecuador,Guayaquil,0,2581884,0,0,0,-2.1899066,-79.887726
Ecuador,Quito,1,1805522,0,0,0,-0.2201641,-78.5123274
Egypt,Alexandria,0,5163750,0,1,1936,31.199004,29.894378000000003
Egypt,Cairo,1,9539673,0,1,2008,30.048819,31.243665999999997
Ethiopia,Addis Ababa,1,4215965,0,0,0,9.0107934,38.761252500000005
Finland,Helsinki,1,639227,1,2,2006,60.1674098,24.9425769
Finland,Lahti,0,119513,1,0,1972,60.9838761,25.656181399999998
Finland,Tampere,0,230064,1,0,1976,61.498021400000006,23.7603118
France,Albertville,0,0,2,0,1992,45.675462200000005,6.3925417
France,Annecy,0,0,1,0,2018,45.8992348,6.1288847
France,Chamonix,0,0,2,0,1924,45.924670500000005,6.8727506
France,Grenoble,0,512591,2,0,1968,45.1875602,5.7357819
France,Lille,0,1039397,0,1,2004,50.636565399999995,3.0635282000000004
France,Lyon,0,1639558,0,1,1968,45.75781370000001,4.8320114
France,Marseille,0,1585498,0,0,0,43.2961743,5.3699525
France,Paris,1,10706072,0,2,2024,48.856696899999996,2.3514616000000004
Georgia,Borjomi,0,0,1,0,2014,41.8386946,43.3791739
Georgia,Tbilisi,1,1113800,0,0,0,41.6934591,44.8014495
Germany,Berchtesgaden,0,0,1,0,1992,47.63108,13.0021634
Germany,Berlin,1,3613495,0,2,2000,52.517036499999996,13.388859900000002
Germany,Frankfurt,0,746878,0,1,1936,50.1106444,8.682091699999999
Germany,Garmisch-Partenkirchen,0,0,2,0,1960,47.4938359,11.103992
Germany,Hamburg,0,1830584,0,1,2024,53.543764100000004,10.009913300000001
Germany,Köln,0,1080394,0,1,1936,50.938361,6.959974000000001
Germany,Leipzig,0,581980,0,1,2012,51.3406321,12.3747329
Germany,Munich,0,1456039,1,2,2018,48.1371079,11.575382199999998
Germany,Nuremberg,0,515201,0,1,1936,49.453872,11.077297999999999
Ghana,Accra,1,1594419,0,0,0,5.560014099999999,-0.2057437
Ghana,Kumasi,0,1730249,0,0,0,6.698081,-1.6230403999999998
Greece,Athens,1,664046,0,2,2004,37.983941200000004,23.7283052
Guinea,Conakry,1,1879695,0,0,0,9.5170602,-13.6998434
Honduras,Tegucigalpa,1,1157509,0,0,0,14.0773859,-87.195419
Hong Kong,Hong Kong,1,7451000,0,0,0,22.2793278,114.16281310000001
Hungary,Budapest,1,2595024,0,1,2024,47.48138955,19.14607278448202
India,Agra,0,1585704,0,0,0,27.1752554,78.0098161
India,Ahmadabad,0,5633927,0,0,0,23.0216238,72.5797068
India,Allahabad,0,1168385,0,0,0,25.4381302,81.8338005
India,Amritsar,0,1159227,0,0,0,31.634308299999997,74.8736788
India,Aurangabad,0,1175116,0,0,0,19.877263,75.33902409999999
India,Bengaluru,0,8495492,0,0,0,12.979119800000001,77.5912997
India,Bhopal,0,1798218,0,0,0,23.253092300000002,77.3962718
India,Chennai,0,4646732,0,0,0,13.080172099999999,80.2838331
India,Coimbatore,0,1050721,0,0,0,11.0018115,76.96284250000001
India,Delhi,0,11034555,0,0,0,28.6517178,77.22193879999999
India,Dhanbad,0,1162472,0,0,0,23.795280899999998,86.43096379999999
India,Faridabad,0,1414050,0,0,0,28.402836999999998,77.30856259999999
India,Ghaziabad,0,1648643,0,0,0,28.711240999999998,77.4445372
India,Gwalior,0,1054420,0,0,0,26.2037247,78.1573628
India,Haora,0,1077075,0,0,0,22.5882216,88.323139
India,Hyderabad,0,6993262,0,0,0,17.38878595,78.46106473453145
India,Indore,0,1994397,0,0,0,22.7205162,75.8681124
India,Jabalpur,0,1081677,0,0,0,23.1608938,79.9497702
India,Jaipur,0,3046163,0,0,0,26.916194,75.820349
India,Jodhpur,0,1056191,0,0,0,26.2967719,73.0351433
India,Kalyan Dombivali,0,1247327,0,0,0,19.2334875,73.1182464
India,Kanpur,0,2768057,0,0,0,26.4609135,80.3217588
India,Kolkata,0,4496694,0,0,0,22.54541245,88.3567751581234
India,Kota,0,1001694,0,0,0,25.196825600000004,76.00089330885551
India,Lucknow,0,2817105,0,0,0,26.8381,80.9346001
India,Ludhiana,0,1618879,0,0,0,30.9090157,75.851601
India,Madurai,0,1017865,0,0,0,9.926115300000001,78.1140983
India,Meerut,0,1305429,0,0,0,28.916666999999997,77.68333299999999
India,Mumbai,0,12442373,0,0,0,18.9387711,72.8353355
India,Nagpur,0,2405665,0,0,0,21.1498134,79.0820556
India,Nashik,0,1486053,0,0,0,20.0112475,73.79023640000001
India,Navi Mumbai,0,1120547,0,0,0,19.0308262,73.0198537
India,Patna,0,1684297,0,0,0,25.609323899999996,85.1235252
India,Pimpri Chinchwad,0,1727692,0,0,0,18.6279288,73.80098290000001
India,Pune,0,3124458,0,0,0,18.521428,73.8544541
India,Raipur,0,1027264,0,0,0,21.237946899999997,81.6336833
India,Rajkot,0,1323363,0,0,0,22.3051991,70.80283349999999
India,Ranchi,0,1073427,0,0,0,23.3700354,85.3250132
India,Srinagar,0,1206419,0,0,0,34.07474439999999,74.82044429999999
India,Surat,0,4501610,0,0,0,21.186460699999998,72.80812809999999
India,Thane,0,1841488,0,0,0,19.1943294,72.97017790000001
India,Vadodara,0,1752371,0,0,0,22.2973142,73.1942567
India,Varanasi,0,1198491,0,0,0,25.3356491,83.0076292
India,Vasai,0,1222390,0,0,0,19.43988455,72.88038340007749
India,Vijayawada,0,1143232,0,0,0,16.5087586,80.6185102
India,Visakhapatnam,0,1728128,0,0,0,17.7231276,83.30128420000001
Indonesia,Bandar Lampung,0,1033601,0,0,0,-5.4460713,105.2643742
Indonesia,Bandung,0,2525220,0,0,0,-6.9344694,107.60495390000001
Indonesia,Batam,0,1347762,0,0,0,1.1061034,104.0378246
Indonesia,Bogor,0,5162044,0,0,0,-6.596298599999999,106.79724209999999
Indonesia,Cirebon,0,1891957,0,0,0,-6.713704400000001,108.5608483
Indonesia,Jakarta,1,10428001,0,0,0,-6.1753942,106.827183
Indonesia,Makasar,0,1502459,0,0,0,-6.26958695,106.88869732007156
Indonesia,Malang,0,1382786,0,0,0,-8.10479815,112.68798721390587
Indonesia,Medan,0,2269588,0,0,0,3.5896654000000003,98.6738261
Indonesia,Palembang,0,1649298,0,0,0,-2.9888297,104.756857
Indonesia,Sukabumi,0,1301873,0,0,0,-6.9199289,106.9265095
Indonesia,Surabaya,0,2885245,0,0,0,-7.2459717,112.73782659999998
Indonesia,Tangerang,0,3050758,0,0,0,-6.1734808,106.49920420000001
Iran,Ahwaz,0,1184788,0,0,0,31.3229936,48.6793316
Iran,Esfahan,0,1961260,0,0,0,32.6707877,51.6650002
Iran,Karaj,0,1592492,0,0,0,35.8228964,50.95876430889607
Iran,Mashhad,0,3001184,0,0,0,36.2974945,59.60592320000001
Iran,Qom,0,1201158,0,0,0,34.6423117,50.8800969
Iran,Shiraz,0,1565572,0,0,0,29.6060218,52.537804099999995
Iran,Tabriz,0,1558693,0,0,0,38.0739964,46.29619520000001
Iran,Tehran,1,8693706,0,0,0,35.7006177,51.4013785
Iraq,Al-Basrah,0,1225793,0,0,0,30.495236699999996,47.8090981
Iraq,Baghdad,1,1211934,0,0,0,33.3024309,44.3787992
Ireland,Dublin,1,544107,0,1,1936,53.3497645,-6.2602732
Italy,Aosta,0,0,1,0,1998,45.7370885,7.3196649
Italy,Cortina d'Ampezzo,0,0,2,0,2026,46.538333200000004,12.1373506
Italy,Milano,0,1358871,2,1,2026,45.4668,9.1905
Italy,Roma,1,2873147,0,2,2024,41.8933203,12.4829321
Italy,Tarvisio,0,0,1,0,2002,46.5052624,13.5783734
Italy,Torino,0,884680,2,0,2006,45.06775510000001,7.682489200000001
Japan,Fukuoka,0,1538681,0,0,0,33.6251241,130.61800159999999
Japan,Hiroshima,0,1194034,0,0,0,34.391605799999994,132.4518156
Japan,Kawasaki,0,1475213,0,0,0,35.523142,139.708024
Japan,Kobe,0,1537272,0,0,0,34.69323789999999,135.1943764
Japan,Kyoto,0,1475183,0,0,0,35.021041,135.7556075
Japan,Nagano,0,377598,2,0,1998,36.1143945,138.0319015
Japan,Nagoya,0,2295638,0,1,1988,35.1851045,136.8998438
Japan,Osaka,0,2691185,0,1,2008,34.619881299999996,135.49035700000002
Japan,Saitama,0,1263979,0,0,0,35.9754168,139.4160114
Japan,Sapporo,0,1952356,2,0,2026,43.061935999999996,141.35429240000002
Japan,Sendai,0,1082159,0,0,0,38.2677554,140.8691498
Japan,Tokyo,1,9272740,0,2,2021,35.682838700000005,139.7594549
Japan,Yokohama,0,3724844,0,0,0,35.444990999999995,139.636768
Jordan,Amman,1,3728346,0,0,0,31.951569399999997,35.9239625
Kazakhstan,Almaty,0,1828325,1,0,2022,43.2363924,76.9457275
Kazakhstan,Astana,1,1054481,0,0,0,51.15092055,71.4388595154859
Kenya,Nairobi,1,3109861,0,0,0,-1.2832533000000002,36.8172449
Madagascar,Antananarivo,1,1521898,0,0,0,-18.9100122,47.5255809
Malaysia,Kuala Lumpur,1,1824323,0,1,2008,3.1516964,101.6942371
Mali,Bamako,1,1810366,0,0,0,12.60503275,-7.986513673439357
Mexico,Aguascalientes,0,1056561,0,0,0,22.0000001,-102.5000001
Mexico,Cuernavaca,0,1032278,0,0,0,18.921827399999998,-99.2342282
Mexico,Guadalajara,0,5060750,0,0,0,20.6720375,-103.3383962
Mexico,Juárez,0,1462133,0,0,0,19.29348285,-100.46459243844755
Mexico,La Laguna,0,1417538,0,0,0,20.443863,-97.44505868410333
Mexico,León,0,1757811,0,0,0,21.1218598,-101.68250809999999
Mexico,Mexicali,0,1065882,0,0,0,32.624862199999995,-115.448325
Mexico,Mexico City,1,21800320,0,2,1968,19.4326296,-99.1331785
Mexico,Monterrey,0,4834971,0,0,0,25.680201899999997,-100.31525859999999
Mexico,Mérida,0,1196520,0,0,0,20.967075899999998,-89.6237402
Mexico,Puebla,0,3046766,0,0,0,18.833333,-98.0
Mexico,Querétaro,0,1337686,0,0,0,20.854257500000003,-99.84756
Mexico,San Luis Potosí,0,1188221,0,0,0,22.5000001,-100.5000001
Mexico,Tijuana,0,2024994,0,0,0,32.501018800000004,-116.9646629
Mexico,Toluca,0,2386157,0,0,0,19.292545,-99.6569007
Mongolia,Ulaanbaatar,1,1477174,0,0,0,47.91846760000001,106.91770159999999
Morocco,Casablanca,0,3352399,0,0,0,33.59506270000001,-7.6187768
Morocco,Fès,0,1146967,0,0,0,34.034653399999996,-5.0161926
Morocco,Kénitra,0,1058359,0,0,0,34.26457,-6.570169
Morocco,Marrakech,0,1325571,0,0,0,31.6258257,-7.9891608
Morocco,Tanger,0,1059562,0,0,0,35.777103000000004,-5.803792
Mozambique,Maputo,1,1241702,0,0,0,-25.966213,32.56745
Myanmar,Mandalay,0,1225546,0,0,0,21.981274600000003,96.082375
Myanmar,Nay Pyi Taw,1,1160242,0,0,0,19.7540045,96.13449759999999
Myanmar,Yangon,0,5211431,0,0,0,16.7967129,96.1609916
Netherlands,Amsterdam,1,821752,0,2,1992,52.3727598,4.8936041
New Zealand,Auckland,0,1695900,0,0,0,-36.852095,174.76318030000002
Niger,Niamey,1,1026848,0,0,0,13.524834,2.109823
North Korea,Pyongyang,1,2581076,0,0,0,39.019474100000004,125.75338799999999
Norway,Lillehammer,0,0,2,0,1994,61.13334079999999,10.426585544131413
Norway,Oslo,1,634293,2,0,2022,59.913330099999996,10.7389701
Pakistan,Faisalabad,0,3203846,0,0,0,31.422055800000003,73.0923253
Pakistan,Gujranwala,0,2027001,0,0,0,32.1525312,74.1933745
Pakistan,Hyderabad,0,1732693,0,0,0,25.3801017,68.3750376
Pakistan,Islamabad,1,1014825,0,0,0,33.6938118,73.0651511
Pakistan,Karachi,0,14910352,0,0,0,25.1446897,67.18477673157341
Pakistan,Lahore,0,11126285,0,0,0,31.565607899999996,74.3141775
Pakistan,Multan,0,1871843,0,0,0,30.1979793,71.4724978
Pakistan,Peshawar,0,1970042,0,0,0,34.012384600000004,71.5787458
Pakistan,Quetta,0,1001205,0,0,0,30.1891852,67.0184433
Pakistan,Rawalpindi,0,2098231,0,0,0,33.6038766,73.048136
Panama,Ciudad De Panamá,1,1107085,0,0,0,8.9714493,-79.53418020000001
Paraguay,Asunción,1,2887087,0,0,0,-25.280045899999998,-57.6343814
Peru,Lima,1,10350721,0,0,0,-12.0621065,-77.03652559999999
Philippines,Caloocan,0,1583978,0,0,0,14.6571285,120.98410700000001
Philippines,Davao,0,1632991,0,0,0,7.226507249999999,125.45488769135531
Philippines,Manila,1,1780148,0,0,0,14.590621599999999,120.9799696
Philippines,Quezon City,0,2936116,0,0,0,14.6509905,121.0486155
Poland,Kraków,0,759104,1,0,2022,50.0469432,19.997153435836694
Poland,Warszawa,1,1754511,0,0,0,52.2337172,21.071411128832267
Poland,Zakopane,0,0,1,0,2006,49.296944599999996,19.950658999999998
Puerto Rico,San Juan,1,337288,0,1,2004,18.465298999999998,-66.11666600000001
Qatar,Doha,1,956457,0,1,2020,25.2856329,51.5264162
Romania,Bucuresti,1,1826830,0,0,0,44.4361414,26.1027202
Russia,Chelyabinsk,0,1149829,0,0,0,55.15984079999999,61.4025547
Russia,Ekaterinburg,0,1420285,0,0,0,56.839104000000006,60.60825
Russia,Kazan,0,1168745,0,0,0,55.7823547,49.1242266
Russia,Krasnoyarsk,0,1007654,0,0,0,66.62440655,94.7428625373024
Russia,Moscow,1,11918057,0,2,2012,55.479204599999996,37.3273304
Russia,Nizhny Novgorod,0,1266231,0,0,0,56.328571,44.003506
Russia,Novosibirsk,0,1511369,0,0,0,55.0282171,82.9234509
Russia,Omsk,0,1158627,0,0,0,54.991375,73.37152900000001
Russia,Perm,0,1007285,0,0,0,58.88439115,56.438994675625146
Russia,Rostov,0,1100091,0,0,0,47.22138579999999,39.7114196
Russia,Samara,0,1170485,0,0,0,53.198627,50.113987
Russia,Sochi,0,441407,2,0,2014,43.585482299999995,39.723109
Russia,St. Petersburg,0,4990602,0,1,2004,59.960673899999996,30.158655100000004
Russia,Ufa,0,1084420,0,0,0,54.726288000000004,55.947727
Russia,Volgograd,0,1018762,0,0,0,48.64820995,44.385763799029114
Saudi Arabia,Al-Madinah,0,1100093,0,0,0,22.2826324,39.1336357
Saudi Arabia,Jiddah,0,3430697,0,0,0,21.581008800000003,39.1653612
Saudi Arabia,Makkah,0,1534731,0,0,0,21.420847,39.826869
Saudi Arabia,Riyadh,1,5188286,0,0,0,24.631969199999997,46.7150648
Senegal,Dakar,1,1056009,0,0,0,14.693425,-17.447938
Serbia,Belgrade,1,1687132,0,1,1996,44.8178131,20.4568974
Sierra Leone,Freetown,1,1055964,0,0,0,8.479004,-13.26795
Singapore,Singapore,1,5638676,0,0,0,1.357107,103.81949920000001
Slovakia,Poprad,0,0,1,0,2006,49.05887475,20.31292363568448
Somalia,Mogadishu,1,1212000,0,0,0,2.0427779999999998,45.338564
South Africa,Cape Town,1,433688,0,1,2004,-33.928992,18.417396
South Korea,Busan,0,3428923,0,0,0,35.1799528,129.0752365
South Korea,Daegu,0,2465268,0,0,0,35.8713,128.6018
South Korea,Daejeon,0,1531256,0,0,0,36.3496,127.3848
South Korea,Gwangju,0,1500977,0,0,0,35.159577500000005,126.85150890000001
South Korea,Incheon,0,2923047,0,0,0,37.455999999999996,126.7052
South Korea,Pyeongchang,0,0,2,0,2018,37.3705,128.3903
South Korea,Seoul,1,9776305,0,2,1988,37.5666791,126.97829140000002
South Korea,Ulsan,0,1165646,0,0,0,35.5391697,129.3119136
Spain,Barcelona,0,1620576,0,2,1992,41.3828939,2.1774322
Spain,Jaca,0,0,1,0,2014,42.5692515,-0.549372
Spain,Madrid,1,3203157,0,1,2020,40.416704700000004,-3.7035824999999996
Spain,Sevilla,0,689072,0,1,2008,37.388630299999996,-5.9953403
Sweden,Falun,0,0,1,0,1992,60.60700679999999,15.6323059
Sweden,Gothenburg,0,0,1,0,1984,57.7072326,11.9670171
Sweden,Stockholm,1,789024,1,2,2026,59.3251172,18.0710935
Sweden,Åre,0,0,1,0,2026,63.40108879999999,13.0822241
Sweden,Östersund,0,0,1,0,2002,63.1793655,14.635706099999998
Switzerland,Bern,1,418225,1,0,2010,46.9482713,7.4514512
Switzerland,Davos,0,0,1,0,1928,46.7961744,9.8237266
Switzerland,Engelberg,0,0,1,0,1928,46.822349700000004,8.4043996
Switzerland,Lausanne,0,420757,0,1,1960,46.5218269,6.6327025
Switzerland,Sion,0,0,1,0,2026,46.23021515,7.3637051847832025
Switzerland,St. Moritz,0,0,2,0,1960,46.4960592,9.8386578
Switzerland,Zürich,0,1369041,0,0,0,47.3723941,8.5423328
Syria,Al-Hasakeh,0,1392000,0,0,0,36.501373799999996,40.746994799999996
Syria,Aleppo,0,4450000,0,0,0,36.19924,37.163725299999996
Syria,Damascus,1,2529000,0,0,0,33.5130695,36.3095814
Syria,Deir El-Zor,0,1111000,0,0,0,35.3333335,40.149999900000005
Syria,Hama,0,1508000,0,0,0,35.13433679999999,36.749627600000004
Syria,Homs,0,1667000,0,0,0,34.7333334,36.716666700000005
Syria,Idleb,0,1376000,0,0,0,35.9333588,36.642062185877386
Thailand,Bangkok,1,8305218,0,1,2008,13.7538929,100.8160803
Thailand,Chon Buri,0,1158989,0,0,0,13.365843400000001,100.9889619
Thailand,Samut Prakan,0,1082993,0,0,0,13.653165099999999,100.8182578
Togo,Lome,1,1788600,0,0,0,6.130419,1.215829
Tunisia,Tunis,1,1056247,0,0,0,33.8439408,9.400138
Turkey,Adana,0,2216475,0,0,0,37.1438001,35.4984094
Turkey,Ankara,1,5445026,0,0,0,39.9207774,32.854067
Turkey,Antalya,0,2364396,0,0,0,36.9279654,30.7276865
Turkey,Aydın,0,1080839,0,0,0,37.841300700000005,27.832837400000003
Turkey,Balıkesir,0,1204824,0,0,0,39.540079799999994,28.0228793
Turkey,Bursa,0,2936803,0,0,0,40.182737,29.0678352
Turkey,Denizli,0,1018735,0,0,0,37.827589200000006,29.2389539
Turkey,Diyarbakir,0,1699901,0,0,0,38.0814716,40.429776700000005
Turkey,Erzurum,0,760476,1,0,2026,39.7581897,41.4032241
Turkey,Gaziantep,0,2005515,0,0,0,36.9666307,37.4074178
Turkey,Hatay,0,1575226,0,0,0,36.202593900000004,36.1603945
Turkey,Istanbul,0,15029231,0,1,2020,41.0766019,29.052495
Turkey,İZmir,0,4279677,0,0,0,38.4147331,27.1434119
Turkey,Kahramanmaraş,0,1127623,0,0,0,37.7830345,36.830655
Turkey,Kayseri,0,1376722,0,0,0,38.6582232,35.554637400000004
Turkey,Kocaeli,0,1883270,0,0,0,40.821653600000005,29.9507184
Turkey,Konya,0,2180149,0,0,0,37.8719963,32.484401500000004
Turkey,Manisa,0,1413041,0,0,0,38.615502899999996,27.4255716
Turkey,Mersin,0,1793931,0,0,0,36.8328277,33.9685895
Turkey,Samsun,0,1312990,0,0,0,41.230355700000004,35.968333799999996
Turkey,Tekirdağ,0,1005463,0,0,0,41.1185843,27.4144196
Turkey,Van,0,1106891,0,0,0,38.324959899999996,43.6589825
Turkey,Şanlıurfa,0,1985753,0,0,0,37.2595198,39.0408174
Uganda,Kampala,1,1507114,0,0,0,0.31771370000000004,32.581353899999996
Ukraine,Kharkiv,0,1430515,0,0,0,49.9902794,36.2303893
Ukraine,Kyiv,1,2893215,0,0,0,50.4500336,30.524136100000003
Ukraine,Lviv,0,750044,1,0,2022,49.841952,24.0315921
United Arab Emirates,Dubai,0,1089000,0,0,0,25.0657,55.1713
United Kingdom,Birmingham,0,1085810,0,1,1992,52.479699200000006,-1.9026911
United Kingdom,Glasgow,0,1209143,0,0,0,55.8609825,-4.248878700000001
United Kingdom,London,1,8135667,0,2,2012,51.5073219,-0.1276474
United Kingdom,Manchester,0,510746,0,1,2000,53.479489199999996,-2.2451147999999996
United Republic of Tanzania,Arusha,0,1000923,0,0,0,-3.4275339999999996,36.70858481848994
United Republic of Tanzania,Dar Es Salaam,0,5147070,0,0,0,-6.8160837,39.280358299999996
United States of America,Anchorage AK,0,0,1,0,1994,61.2163129,-149.8948523
United States of America,Atlanta Ga,0,472522,0,2,1996,33.749098700000005,-84.39018490000001
United States of America,Baltimore Md,0,614664,0,1,1948,39.2908816,-76.610759
United States of America,Bear Mountain Ct,0,0,1,0,1932,39.976578,-105.262775
United States of America,Boston Ma,0,673184,0,1,2024,42.3602534,-71.0582912
United States of America,Chicago Il,0,2704958,0,1,2016,41.875561600000005,-87.6244212
United States of America,Cleveland Oh,0,385809,0,1,1920,41.5051613,-81.6934446
United States of America,Colorado Springs Co,0,465101,1,0,1956,38.8339578,-104.8253485
United States of America,Dallas Tx,0,1317929,0,0,0,32.7762719,-96.7968559
United States of America,Denver Co,0,693060,2,0,1976,39.7348381,-104.9653271
United States of America,Detroit Mi,0,672795,0,1,1972,42.331550899999996,-83.04664029999999
United States of America,Duluth Mn,0,0,1,0,1932,46.77293220000001,-92.1251218
United States of America,Houston Tx,0,2303482,0,0,0,29.7589382,-95.36769740000001
United States of America,Lake Placid Ny,0,0,2,0,1980,44.279621,-73.979874
United States of America,Los Angeles Ca,0,3976322,0,2,2028,34.0536909,-118.2427666
United States of America,Minneapolis Mn,0,413651,1,1,1956,44.9772995,-93.2654692
United States of America,New York Ny,0,8537673,0,1,2012,40.7127281,-74.0060152
United States of America,Philadelphia Pa,0,1567872,0,1,1956,39.9527237,-75.16352619999999
United States of America,Phoenix Az,0,1615017,0,0,0,33.448436699999995,-112.07414170000001
United States of America,Salt Lake City Ut,0,193744,2,0,2002,40.759619799999996,-111.88679750000001
United States of America,San Antonio Tx,0,1492510,0,0,0,29.424600199999997,-98.4951405
United States of America,San Diego Ca,0,1406630,0,0,0,32.7174209,-117.16277140000001
United States of America,San Francisco Ca,0,870887,0,1,1956,37.779026200000004,-122.4199061
United States of America,San Jose Ca,0,1025350,0,0,0,37.3361905,-121.89058329999999
United States of America,Squaw Valley Ca,0,0,2,0,1960,36.7059295,-119.20015587604178
United States of America,St. Louis Mo,0,311404,0,2,1904,38.6529545,-90.24111656024635
United States of America,Yosemite Valley Ca,0,0,1,0,1932,37.734435,-119.60646740000001
Uruguay,Montevideo,1,1381946,0,0,0,-34.9059039,-56.1913569
Uzbekistan,Tashkent,1,2464933,0,1,2000,41.3123363,69.2787079
Venezuela,Caracas,1,2082130,0,0,0,10.506098,-66.9146017
Venezuela,Maracaibo,0,1653215,0,0,0,10.6499149,-71.6396282
Yemen,Sana'A,1,2022867,0,0,0,15.353856900000002,44.2058841
Zambia,Lusaka,1,1747152,0,0,0,-15.416448800000001,28.282153499999996
Zimbabwe,Harare,1,1485231,0,0,0,-17.831773000000002,31.045686
